id,category_eng,category_ru,pronoun,pronoun_clean,pronoun_details,ipa,translation,translation_clean,translation_details,number,person,example_eng,example_ru,is_suspicious
0,"Personal Pronouns, subject form","личные местоимения, именительный падеж",I,I,,/aɪ/,я,я,,singular,1,I am here.,Я здесь.,0
1,"Personal Pronouns, subject form","личные местоимения, именительный падеж",I,I,,/aɪ/,я,я,,singular,1,I like coffee.,Мне нравится кофе.,0
2,"Personal Pronouns, subject form","личные местоимения, именительный падеж",I,I,,/aɪ/,я,я,,singular,1,I will call you tomorrow.,Я позвоню тебе завтра.,0
3,"Personal Pronouns, subject form","личные местоимения, именительный падеж",I,I,,/aɪ/,я,я,,singular,1,I don't understand this.,Я этого не понимаю.,0
4,"Personal Pronouns, subject form","личные местоимения, именительный падеж",I,I,,/aɪ/,я,я,,singular,1,I need help.,Мне нужна помощь.,0
5,"Personal Pronouns, subject form","личные местоимения, именительный падеж",you(personal-subject/singular),you,personal-subject/singular,/juː/,ты,ты,,singular,2,You are my friend.,Ты мой друг.,0
6,"Personal Pronouns, subject form","личные местоимения, именительный падеж",you(personal-subject/singular),you,personal-subject/singular,/juː/,ты,ты,,singular,2,You can do it.,Ты можешь это сделать.,0
7,"Personal Pronouns, subject form","личные местоимения, именительный падеж",you(personal-subject/singular),you,personal-subject/singular,/juː/,ты,ты,,singular,2,You look tired.,Ты выглядишь уставшим.,0
8,"Personal Pronouns, subject form","личные местоимения, именительный падеж",you(personal-subject/singular),you,personal-subject/singular,/juː/,ты,ты,,singular,2,Are you coming with us?,Ты пойдёшь с нами?,0
9,"Personal Pronouns, subject form","личные местоимения, именительный падеж",you(personal-subject/singular),you,personal-subject/singular,/juː/,ты,ты,,singular,2,You forgot your keys.,Ты забыл свои ключи.,0
10,"Personal Pronouns, subject form","личные местоимения, именительный падеж",he,he,,/hiː/,он,он,,singular,3,He is a teacher.,Он учитель.,0
11,"Personal Pronouns, subject form","личные местоимения, именительный падеж",he,he,,/hiː/,он,он,,singular,3,He works every day.,Он работает каждый день.,0
12,"Personal Pronouns, subject form","личные местоимения, именительный падеж",he,he,,/hiː/,он,он,,singular,3,He likes pizza.,Он любит пиццу.,0
13,"Personal Pronouns, subject form","личные местоимения, именительный падеж",he,he,,/hiː/,он,он,,singular,3,He will help you.,Он поможет тебе.,0
14,"Personal Pronouns, subject form","личные местоимения, именительный падеж",he,he,,/hiː/,он,он,,singular,3,He went to the store.,Он пошел в магазин.,0
15,"Personal Pronouns, subject form","личные местоимения, именительный падеж",she,she,,/ʃiː/,она,она,,singular,3,She loves coffee.,Она любит кофе.,0
16,"Personal Pronouns, subject form","личные местоимения, именительный падеж",she,she,,/ʃiː/,она,она,,singular,3,She is very kind.,Она очень добрая.,0
17,"Personal Pronouns, subject form","личные местоимения, именительный падеж",she,she,,/ʃiː/,она,она,,singular,3,She told me the truth.,Она сказала мне правду.,0
18,"Personal Pronouns, subject form","личные местоимения, именительный падеж",she,she,,/ʃiː/,она,она,,singular,3,She is reading a book.,Она читает книгу.,0
19,"Personal Pronouns, subject form","личные местоимения, именительный падеж",she,she,,/ʃiː/,она,она,,singular,3,She lives nearby.,Она живёт рядом.,0
20,"Personal Pronouns, subject form","личные местоимения, именительный падеж",it(personal-subject),it,personal-subject,/ɪt/,оно,оно,,singular,3,It is raining.,Идёт дождь.,0
21,"Personal Pronouns, subject form","личные местоимения, именительный падеж",it(personal-subject),it,personal-subject,/ɪt/,оно,оно,,singular,3,It looks delicious.,Оно выглядит вкусно.,0
22,"Personal Pronouns, subject form","личные местоимения, именительный падеж",it(personal-subject),it,personal-subject,/ɪt/,оно,оно,,singular,3,It is very expensive.,Оно очень дорого.,0
23,"Personal Pronouns, subject form","личные местоимения, именительный падеж",it(personal-subject),it,personal-subject,/ɪt/,оно,оно,,singular,3,I found it in the drawer.,Я нашел это в ящике.,0
24,"Personal Pronouns, subject form","личные местоимения, именительный падеж",it(personal-subject),it,personal-subject,/ɪt/,оно,оно,,singular,3,It is a good idea.,Это хорошая идея.,0
25,"Personal Pronouns, subject form","личные местоимения, именительный падеж",we,we,,/wiː/,мы,мы,,plural,1,We are happy.,Мы счастливы.,0
26,"Personal Pronouns, subject form","личные местоимения, именительный падеж",we,we,,/wiː/,мы,мы,,plural,1,We will meet tomorrow.,Мы встретимся завтра.,0
27,"Personal Pronouns, subject form","личные местоимения, именительный падеж",we,we,,/wiː/,мы,мы,,plural,1,We like this place.,Нам нравится это место.,0
28,"Personal Pronouns, subject form","личные местоимения, именительный падеж",we,we,,/wiː/,мы,мы,,plural,1,We are going to the park.,Мы идём в парк.,0
29,"Personal Pronouns, subject form","личные местоимения, именительный падеж",we,we,,/wiː/,мы,мы,,plural,1,We need more time.,Нам нужно больше времени.,0
30,"Personal Pronouns, subject form","личные местоимения, именительный падеж",you (personal-subject/plural),you,personal-subject/plural,/juː/,вы,вы,,plural,2,You are welcome here.,Вы здесь желанны.,0
31,"Personal Pronouns, subject form","личные местоимения, именительный падеж",you (personal-subject/plural),you,personal-subject/plural,/juː/,вы,вы,,plural,2,You should try this.,Вы должны попробовать это.,0
32,"Personal Pronouns, subject form","личные местоимения, именительный падеж",you (personal-subject/plural),you,personal-subject/plural,/juː/,вы,вы,,plural,2,You are very polite.,Вы очень вежливы.,0
33,"Personal Pronouns, subject form","личные местоимения, именительный падеж",you (personal-subject/plural),you,personal-subject/plural,/juː/,вы,вы,,plural,2,Are you ready for the meeting?,Вы готовы к встрече?,0
34,"Personal Pronouns, subject form","личные местоимения, именительный падеж",you (personal-subject/plural),you,personal-subject/plural,/juː/,вы,вы,,plural,2,You did a great job.,Вы отлично справились.,0
35,"Personal Pronouns, subject form","личные местоимения, именительный падеж",they,they,,/ðeɪ/,они,они,,plural,3,They are coming.,Они идут.,0
36,"Personal Pronouns, subject form","личные местоимения, именительный падеж",they,they,,/ðeɪ/,они,они,,plural,3,They work together.,Они работают вместе.,0
37,"Personal Pronouns, subject form","личные местоимения, именительный падеж",they,they,,/ðeɪ/,они,они,,plural,3,They have a big house.,У них большой дом.,0
38,"Personal Pronouns, subject form","личные местоимения, именительный падеж",they,they,,/ðeɪ/,они,они,,plural,3,Are they here yet?,Они уже здесь?,0
39,"Personal Pronouns, subject form","личные местоимения, именительный падеж",they,they,,/ðeɪ/,они,они,,plural,3,They enjoy traveling.,Им нравится путешествовать.,0
40,"Personal Pronouns, object form","личные местоимения, косвенные падежи",me (personal-object/родительный),me,personal-object/родительный,/miː/,меня(п.род.),меня,п.род.,singular,1,He saw me.,Он видел меня.,0
41,"Personal Pronouns, object form","личные местоимения, косвенные падежи",me (personal-object/родительный),me,personal-object/родительный,/miː/,меня(п.род.),меня,п.род.,singular,1,They invited me to the party.,Они пригласили меня на вечеринку.,0
42,"Personal Pronouns, object form","личные местоимения, косвенные падежи",me (personal-object/родительный),me,personal-object/родительный,/miː/,меня(п.род.),меня,п.род.,singular,1,She found me in the garden.,Она нашла меня в саду.,0
43,"Personal Pronouns, object form","личные местоимения, косвенные падежи",me (personal-object/родительный),me,personal-object/родительный,/miː/,меня(п.род.),меня,п.род.,singular,1,The teacher praised me.,Учитель похвалил меня.,0
44,"Personal Pronouns, object form","личные местоимения, косвенные падежи",me (personal-object/родительный),me,personal-object/родительный,/miː/,меня(п.род.),меня,п.род.,singular,1,They accused me of cheating.,Они обвинили меня в обмане.,0
45,"Personal Pronouns, object form","личные местоимения, косвенные падежи",me(personal-object/дательный),me,personal-object/дательный,/miː/,мне,мне,,singular,1,She gave me a gift.,Она дала мне подарок.,0
46,"Personal Pronouns, object form","личные местоимения, косвенные падежи",me(personal-object/дательный),me,personal-object/дательный,/miː/,мне,мне,,singular,1,They sent me a letter.,Они отправили мне письмо.,0
47,"Personal Pronouns, object form","личные местоимения, косвенные падежи",me(personal-object/дательный),me,personal-object/дательный,/miː/,мне,мне,,singular,1,Can you pass me the salt?,Можешь передать мне соль?,0
48,"Personal Pronouns, object form","личные местоимения, косвенные падежи",me(personal-object/дательный),me,personal-object/дательный,/miː/,мне,мне,,singular,1,The book belongs to me.,Эта книга принадлежит мне.,0
49,"Personal Pronouns, object form","личные местоимения, косвенные падежи",me(personal-object/дательный),me,personal-object/дательный,/miː/,мне,мне,,singular,1,Tell me the truth.,Скажи мне правду.,0
50,"Personal Pronouns, object form","личные местоимения, косвенные падежи",me(personal-object/винительный),me,personal-object/винительный,/miː/,меня(п.вин.),меня,п.вин.,singular,1,Please help me.,"Пожалуйста, помоги мне.",0
51,"Personal Pronouns, object form","личные местоимения, косвенные падежи",me(personal-object/винительный),me,personal-object/винительный,/miː/,меня(п.вин.),меня,п.вин.,singular,1,They saw me yesterday.,Они видели меня вчера.,0
52,"Personal Pronouns, object form","личные местоимения, косвенные падежи",me(personal-object/винительный),me,personal-object/винительный,/miː/,меня(п.вин.),меня,п.вин.,singular,1,He invited me to dinner.,Он пригласил меня на ужин.,0
53,"Personal Pronouns, object form","личные местоимения, косвенные падежи",me(personal-object/винительный),me,personal-object/винительный,/miː/,меня(п.вин.),меня,п.вин.,singular,1,She called me last night.,Она звонила мне вчера вечером.,0
54,"Personal Pronouns, object form","личные местоимения, косвенные падежи",me(personal-object/винительный),me,personal-object/винительный,/miː/,меня(п.вин.),меня,п.вин.,singular,1,The dog followed me home.,Собака пошла за мной домой.,0
55,"Personal Pronouns, object form","личные местоимения, косвенные падежи",me(personal-object/творительный),me,personal-object/творительный,/miː/,мной,мной,,singular,1,She is happy with me.,Она счастлива со мной.,0
56,"Personal Pronouns, object form","личные местоимения, косвенные падежи",me(personal-object/творительный),me,personal-object/творительный,/miː/,мной,мной,,singular,1,They worked with me on the project.,Они работали со мной над проектом.,0
57,"Personal Pronouns, object form","личные местоимения, косвенные падежи",me(personal-object/творительный),me,personal-object/творительный,/miː/,мной,мной,,singular,1,The teacher was impressed by me.,Учитель был впечатлён мной.,0
58,"Personal Pronouns, object form","личные местоимения, косвенные падежи",me(personal-object/творительный),me,personal-object/творительный,/miː/,мной,мной,,singular,1,He argued with me about politics.,Он спорил со мной о политике.,0
59,"Personal Pronouns, object form","личные местоимения, косвенные падежи",me(personal-object/творительный),me,personal-object/творительный,/miː/,мной,мной,,singular,1,They danced with me at the party.,Они танцевали со мной на вечеринке.,0
60,"Personal Pronouns, object form","личные местоимения, косвенные падежи",me(personal-object/предложный),me,personal-object/предложный,/miː/,обо мне,обо мне,,singular,1,She always talks about me.,Она всегда говорит обо мне.,0
61,"Personal Pronouns, object form","личные местоимения, косвенные падежи",me(personal-object/предложный),me,personal-object/предложный,/miː/,обо мне,обо мне,,singular,1,What do you think about me?,Что ты думаешь обо мне?,0
62,"Personal Pronouns, object form","личные местоимения, косвенные падежи",me(personal-object/предложный),me,personal-object/предложный,/miː/,обо мне,обо мне,,singular,1,They wrote a story about me.,Они написали историю обо мне.,0
63,"Personal Pronouns, object form","личные местоимения, косвенные падежи",me(personal-object/предложный),me,personal-object/предложный,/miː/,обо мне,обо мне,,singular,1,The article is about me.,Эта статья обо мне.,0
64,"Personal Pronouns, object form","личные местоимения, косвенные падежи",me(personal-object/предложный),me,personal-object/предложный,/miː/,обо мне,обо мне,,singular,1,Don’t worry about me.,Не переживай обо мне.,0
65,"Personal Pronouns, object form","личные местоимения, косвенные падежи",you(personal-object/родительный),you,personal-object/родительный,/juː/,"тебя(п.род.), вас(п.род.)",тебя,"п.род.), вас(п.род.",singular/plural,2,I saw you yesterday.,Я видел тебя вчера.,0
66,"Personal Pronouns, object form","личные местоимения, косвенные падежи",you(personal-object/родительный),you,personal-object/родительный,/juː/,"тебя(п.род.), вас(п.род.)",тебя,"п.род.), вас(п.род.",singular/plural,2,They invited you to the meeting.,Они пригласили вас на встречу.,0
67,"Personal Pronouns, object form","личные местоимения, косвенные падежи",you(personal-object/родительный),you,personal-object/родительный,/juː/,"тебя(п.род.), вас(п.род.)",тебя,"п.род.), вас(п.род.",singular/plural,2,She remembered you from school.,Она вспомнила тебя из школы.,0
68,"Personal Pronouns, object form","личные местоимения, косвенные падежи",you(personal-object/родительный),you,personal-object/родительный,/juː/,"тебя(п.род.), вас(п.род.)",тебя,"п.род.), вас(п.род.",singular/plural,2,They accused you of lying.,Они обвинили тебя во лжи.,0
69,"Personal Pronouns, object form","личные местоимения, косвенные падежи",you(personal-object/родительный),you,personal-object/родительный,/juː/,"тебя(п.род.), вас(п.род.)",тебя,"п.род.), вас(п.род.",singular/plural,2,I need to talk to you.,Мне нужно поговорить с тобой.,0
70,"Personal Pronouns, object form","личные местоимения, косвенные падежи",you(personal-object/дательный),you,personal-object/дательный,/juː/,"тебе, вам","тебе, вам",,singular/plural,2,She gave you a gift.,Она дала тебе подарок.,0
71,"Personal Pronouns, object form","личные местоимения, косвенные падежи",you(personal-object/дательный),you,personal-object/дательный,/juː/,"тебе, вам","тебе, вам",,singular/plural,2,They sent you a letter.,Они отправили вам письмо.,0
72,"Personal Pronouns, object form","личные местоимения, косвенные падежи",you(personal-object/дательный),you,personal-object/дательный,/juː/,"тебе, вам","тебе, вам",,singular/plural,2,Can I show you something?,Могу показать тебе что-то?,0
73,"Personal Pronouns, object form","личные местоимения, косвенные падежи",you(personal-object/дательный),you,personal-object/дательный,/juː/,"тебе, вам","тебе, вам",,singular/plural,2,The book belongs to you.,Эта книга принадлежит вам.,0
74,"Personal Pronouns, object form","личные местоимения, косвенные падежи",you(personal-object/дательный),you,personal-object/дательный,/juː/,"тебе, вам","тебе, вам",,singular/plural,2,Tell you the truth.,Скажи тебе правду.,0
75,"Personal Pronouns, object form","личные местоимения, косвенные падежи",you(personal-object/винительный),you,personal-object/винительный,/juː/,"тебя(п.вин.), вас(п.вин.)",тебя,"п.вин.), вас(п.вин.",singular/plural,2,Please help you with the project.,"Пожалуйста, помоги тебе с проектом.",0
76,"Personal Pronouns, object form","личные местоимения, косвенные падежи",you(personal-object/винительный),you,personal-object/винительный,/juː/,"тебя(п.вин.), вас(п.вин.)",тебя,"п.вин.), вас(п.вин.",singular/plural,2,They saw you at the party.,Они видели вас на вечеринке.,0
77,"Personal Pronouns, object form","личные местоимения, косвенные падежи",you(personal-object/винительный),you,personal-object/винительный,/juː/,"тебя(п.вин.), вас(п.вин.)",тебя,"п.вин.), вас(п.вин.",singular/plural,2,She called you last night.,Она звонила тебе вчера вечером.,0
78,"Personal Pronouns, object form","личные местоимения, косвенные падежи",you(personal-object/винительный),you,personal-object/винительный,/juː/,"тебя(п.вин.), вас(п.вин.)",тебя,"п.вин.), вас(п.вин.",singular/plural,2,He invited you to dinner.,Он пригласил тебя на ужин.,0
79,"Personal Pronouns, object form","личные местоимения, косвенные падежи",you(personal-object/винительный),you,personal-object/винительный,/juː/,"тебя(п.вин.), вас(п.вин.)",тебя,"п.вин.), вас(п.вин.",singular/plural,2,I trust you.,Я доверяю тебе.,0
80,"Personal Pronouns, object form","личные местоимения, косвенные падежи",you(personal-object/творительный),you,personal-object/творительный,/juː/,"тобой, вами","тобой, вами",,singular/plural,2,They worked with you on the project.,Они работали с тобой над проектом.,0
81,"Personal Pronouns, object form","личные местоимения, косвенные падежи",you(personal-object/творительный),you,personal-object/творительный,/juː/,"тобой, вами","тобой, вами",,singular/plural,2,She danced with you at the party.,Она танцевала с вами на вечеринке.,0
82,"Personal Pronouns, object form","личные местоимения, косвенные падежи",you(personal-object/творительный),you,personal-object/творительный,/juː/,"тобой, вами","тобой, вами",,singular/plural,2,The teacher was impressed by you.,Учитель был впечатлён тобой.,0
83,"Personal Pronouns, object form","личные местоимения, косвенные падежи",you(personal-object/творительный),you,personal-object/творительный,/juː/,"тобой, вами","тобой, вами",,singular/plural,2,He argued with you about politics.,Он спорил с тобой о политике.,0
84,"Personal Pronouns, object form","личные местоимения, косвенные падежи",you(personal-object/творительный),you,personal-object/творительный,/juː/,"тобой, вами","тобой, вами",,singular/plural,2,They traveled with you last summer.,Они путешествовали с тобой прошлым летом.,0
85,"Personal Pronouns, object form","личные местоимения, косвенные падежи",you(personal-object/предложный),you,personal-object/предложный,/juː/,"о тебе, о вас","о тебе, о вас",,singular/plural,2,They talked about you yesterday.,Они говорили о тебе вчера.,0
86,"Personal Pronouns, object form","личные местоимения, косвенные падежи",you(personal-object/предложный),you,personal-object/предложный,/juː/,"о тебе, о вас","о тебе, о вас",,singular/plural,2,The story is about you.,История о тебе.,0
87,"Personal Pronouns, object form","личные местоимения, косвенные падежи",you(personal-object/предложный),you,personal-object/предложный,/juː/,"о тебе, о вас","о тебе, о вас",,singular/plural,2,She always thinks about you.,Она всегда думает о тебе.,0
88,"Personal Pronouns, object form","личные местоимения, косвенные падежи",you(personal-object/предложный),you,personal-object/предложный,/juː/,"о тебе, о вас","о тебе, о вас",,singular/plural,2,Don’t worry about you.,Не переживай о тебе.,0
89,"Personal Pronouns, object form","личные местоимения, косвенные падежи",you(personal-object/предложный),you,personal-object/предложный,/juː/,"о тебе, о вас","о тебе, о вас",,singular/plural,2,What do you know about yourself?,Что ты знаешь о тебе?,0
90,"Personal Pronouns, object form","личные местоимения, косвенные падежи",him(personal-object/родительный),him,personal-object/родительный,/hɪm/,его(m./п.род.),его,m./п.род.,singular,3,I saw him at the park.,Я видел его в парке.,0
91,"Personal Pronouns, object form","личные местоимения, косвенные падежи",him(personal-object/родительный),him,personal-object/родительный,/hɪm/,его(m./п.род.),его,m./п.род.,singular,3,They accused him of lying.,Они обвинили его во лжи.,0
92,"Personal Pronouns, object form","личные местоимения, косвенные падежи",him(personal-object/родительный),him,personal-object/родительный,/hɪm/,его(m./п.род.),его,m./п.род.,singular,3,She found him sleeping.,Она нашла его спящим.,0
93,"Personal Pronouns, object form","личные местоимения, косвенные падежи",him(personal-object/родительный),him,personal-object/родительный,/hɪm/,его(m./п.род.),его,m./п.род.,singular,3,The teacher praised him for his work.,Учитель похвалил его за работу.,0
94,"Personal Pronouns, object form","личные местоимения, косвенные падежи",him(personal-object/родительный),him,personal-object/родительный,/hɪm/,его(m./п.род.),его,m./п.род.,singular,3,I met him yesterday.,Я встретил его вчера.,0
95,"Personal Pronouns, object form","личные местоимения, косвенные падежи",him(personal-object/дательный),him,personal-object/дательный,/hɪm/,ему(m.),ему,m.,singular,3,She gave him a gift.,Она дала ему подарок.,0
96,"Personal Pronouns, object form","личные местоимения, косвенные падежи",him(personal-object/дательный),him,personal-object/дательный,/hɪm/,ему(m.),ему,m.,singular,3,They sent him a letter.,Они отправили ему письмо.,0
97,"Personal Pronouns, object form","личные местоимения, косвенные падежи",him(personal-object/дательный),him,personal-object/дательный,/hɪm/,ему(m.),ему,m.,singular,3,Can you show him the way?,Можешь показать ему дорогу?,0
98,"Personal Pronouns, object form","личные местоимения, косвенные падежи",him(personal-object/дательный),him,personal-object/дательный,/hɪm/,ему(m.),ему,m.,singular,3,The dog belongs to him.,Собака принадлежит ему.,0
99,"Personal Pronouns, object form","личные местоимения, косвенные падежи",him(personal-object/дательный),him,personal-object/дательный,/hɪm/,ему(m.),ему,m.,singular,3,Tell him the truth.,Скажи ему правду.,0
100,"Personal Pronouns, object form","личные местоимения, косвенные падежи",him(personal-object/винительный),him,personal-object/винительный,/hɪm/,его(m./п.вин.),его,m./п.вин.,singular,3,They invited him to the meeting.,Они пригласили его на встречу.,0
101,"Personal Pronouns, object form","личные местоимения, косвенные падежи",him(personal-object/винительный),him,personal-object/винительный,/hɪm/,его(m./п.вин.),его,m./п.вин.,singular,3,She called him yesterday.,Она звонила ему вчера.,0
102,"Personal Pronouns, object form","личные местоимения, косвенные падежи",him(personal-object/винительный),him,personal-object/винительный,/hɪm/,его(m./п.вин.),его,m./п.вин.,singular,3,The dog followed him home.,Собака пошла за ним домой.,0
103,"Personal Pronouns, object form","личные местоимения, косвенные падежи",him(personal-object/винительный),him,personal-object/винительный,/hɪm/,его(m./п.вин.),его,m./п.вин.,singular,3,Please help him with his project.,"Пожалуйста, помогите ему с его проектом.",0
104,"Personal Pronouns, object form","личные местоимения, косвенные падежи",him(personal-object/винительный),him,personal-object/винительный,/hɪm/,его(m./п.вин.),его,m./п.вин.,singular,3,I don't trust him.,Я не доверяю ему.,0
105,"Personal Pronouns, object form","личные местоимения, косвенные падежи",him(personal-object/творительный),him,personal-object/творительный,/hɪm/,им(п.тв/m.),им,п.тв/m.,singular,3,They worked with him on the project.,Они работали с ним над проектом.,0
106,"Personal Pronouns, object form","личные местоимения, косвенные падежи",him(personal-object/творительный),him,personal-object/творительный,/hɪm/,им(п.тв/m.),им,п.тв/m.,singular,3,She danced with him at the party.,Она танцевала с ним на вечеринке.,0
107,"Personal Pronouns, object form","личные местоимения, косвенные падежи",him(personal-object/творительный),him,personal-object/творительный,/hɪm/,им(п.тв/m.),им,п.тв/m.,singular,3,The teacher was impressed by him.,Учитель был впечатлён им.,0
108,"Personal Pronouns, object form","личные местоимения, косвенные падежи",him(personal-object/творительный),him,personal-object/творительный,/hɪm/,им(п.тв/m.),им,п.тв/m.,singular,3,He argued with him about politics.,Он спорил с ним о политике.,0
109,"Personal Pronouns, object form","личные местоимения, косвенные падежи",him(personal-object/творительный),him,personal-object/творительный,/hɪm/,им(п.тв/m.),им,п.тв/m.,singular,3,They traveled with him last summer.,Они путешествовали с ним прошлым летом.,0
110,"Personal Pronouns, object form","личные местоимения, косвенные падежи",him(personal-object/предложный),him,personal-object/предложный,/hɪm/,о нём(m.),о нём,m.,singular,3,They talked about him yesterday.,Они говорили о нём вчера.,0
111,"Personal Pronouns, object form","личные местоимения, косвенные падежи",him(personal-object/предложный),him,personal-object/предложный,/hɪm/,о нём(m.),о нём,m.,singular,3,The story is about him.,История о нём.,0
112,"Personal Pronouns, object form","личные местоимения, косвенные падежи",him(personal-object/предложный),him,personal-object/предложный,/hɪm/,о нём(m.),о нём,m.,singular,3,She always thinks about him.,Она всегда думает о нём.,0
113,"Personal Pronouns, object form","личные местоимения, косвенные падежи",him(personal-object/предложный),him,personal-object/предложный,/hɪm/,о нём(m.),о нём,m.,singular,3,Don’t worry about him.,Не переживай о нём.,0
114,"Personal Pronouns, object form","личные местоимения, косвенные падежи",him(personal-object/предложный),him,personal-object/предложный,/hɪm/,о нём(m.),о нём,m.,singular,3,What do you know about him?,Что ты знаешь о нём?,0
115,"Personal Pronouns, object form","личные местоимения, косвенные падежи",her(personal-object/родительный),her,personal-object/родительный,/hɜːr/,её(п.род),её,п.род,singular,3,I saw her at the store.,Я видел её в магазине.,0
116,"Personal Pronouns, object form","личные местоимения, косвенные падежи",her(personal-object/родительный),her,personal-object/родительный,/hɜːr/,её(п.род),её,п.род,singular,3,They accused her of cheating.,Они обвинили её в обмане.,0
117,"Personal Pronouns, object form","личные местоимения, косвенные падежи",her(personal-object/родительный),her,personal-object/родительный,/hɜːr/,её(п.род),её,п.род,singular,3,She praised the girl for her efforts.,Она похвалила её за её усилия.,0
118,"Personal Pronouns, object form","личные местоимения, косвенные падежи",her(personal-object/родительный),her,personal-object/родительный,/hɜːr/,её(п.род),её,п.род,singular,3,I met her last night.,Я встретил её вчера вечером.,0
119,"Personal Pronouns, object form","личные местоимения, косвенные падежи",her(personal-object/родительный),her,personal-object/родительный,/hɜːr/,её(п.род),её,п.род,singular,3,He followed her to the park.,Он следовал за ней в парк.,0
120,"Personal Pronouns, object form","личные местоимения, косвенные падежи",her(personal-object/дательный),her,personal-object/дательный,/hɜːr/,ей,ей,,singular,3,They gave her a gift.,Они дали ей подарок.,0
121,"Personal Pronouns, object form","личные местоимения, косвенные падежи",her(personal-object/дательный),her,personal-object/дательный,/hɜːr/,ей,ей,,singular,3,Can you pass her the salt?,Можешь передать ей соль?,0
122,"Personal Pronouns, object form","личные местоимения, косвенные падежи",her(personal-object/дательный),her,personal-object/дательный,/hɜːr/,ей,ей,,singular,3,The book belongs to her.,Эта книга принадлежит ей.,0
123,"Personal Pronouns, object form","личные местоимения, косвенные падежи",her(personal-object/дательный),her,personal-object/дательный,/hɜːr/,ей,ей,,singular,3,He showed her the way.,Он показал ей дорогу.,0
124,"Personal Pronouns, object form","личные местоимения, косвенные падежи",her(personal-object/дательный),her,personal-object/дательный,/hɜːr/,ей,ей,,singular,3,Tell her the truth.,Скажи ей правду.,0
125,"Personal Pronouns, object form","личные местоимения, косвенные падежи",her(personal-object/винительный),her,personal-object/винительный,/hɜːr/,её(п.вин),её,п.вин,singular,3,I love her.,Я люблю её.,0
126,"Personal Pronouns, object form","личные местоимения, косвенные падежи",her(personal-object/винительный),her,personal-object/винительный,/hɜːr/,её(п.вин),её,п.вин,singular,3,He called her last night.,Он звонил ей вчера вечером.,0
127,"Personal Pronouns, object form","личные местоимения, косвенные падежи",her(personal-object/винительный),her,personal-object/винительный,/hɜːr/,её(п.вин),её,п.вин,singular,3,Please help the girl with her homework.,"Пожалуйста, помоги ей с домашним заданием.",0
128,"Personal Pronouns, object form","личные местоимения, косвенные падежи",her(personal-object/винительный),her,personal-object/винительный,/hɜːr/,её(п.вин),её,п.вин,singular,3,I don’t trust her.,Я не доверяю ей.,0
129,"Personal Pronouns, object form","личные местоимения, косвенные падежи",her(personal-object/винительный),her,personal-object/винительный,/hɜːr/,её(п.вин),её,п.вин,singular,3,They saw her at the mall.,Они видели её в торговом центре.,0
130,"Personal Pronouns, object form","личные местоимения, косвенные падежи",her(personal-object/творительный),her,personal-object/творительный,/hɜːr/,ею,ею,,singular,3,They worked with her on the project.,Они работали с ней над проектом.,0
131,"Personal Pronouns, object form","личные местоимения, косвенные падежи",her(personal-object/творительный),her,personal-object/творительный,/hɜːr/,ею,ею,,singular,3,She danced with her at the party.,Она танцевала с ней на вечеринке.,0
132,"Personal Pronouns, object form","личные местоимения, косвенные падежи",her(personal-object/творительный),her,personal-object/творительный,/hɜːr/,ею,ею,,singular,3,The teacher was impressed by her.,Учитель был впечатлён ею.,0
133,"Personal Pronouns, object form","личные местоимения, косвенные падежи",her(personal-object/творительный),her,personal-object/творительный,/hɜːr/,ею,ею,,singular,3,He argued with her about the topic.,Он спорил с ней о теме.,0
134,"Personal Pronouns, object form","личные местоимения, косвенные падежи",her(personal-object/творительный),her,personal-object/творительный,/hɜːr/,ею,ею,,singular,3,They traveled with her last summer.,Они путешествовали с ней прошлым летом.,0
135,"Personal Pronouns, object form","личные местоимения, косвенные падежи",her(personal-object/предложный),her,personal-object/предложный,/hɜːr/,о ней,о ней,,singular,3,They talked about her yesterday.,Они говорили о ней вчера.,0
136,"Personal Pronouns, object form","личные местоимения, косвенные падежи",her(personal-object/предложный),her,personal-object/предложный,/hɜːr/,о ней,о ней,,singular,3,The story is about her.,История о ней.,0
137,"Personal Pronouns, object form","личные местоимения, косвенные падежи",her(personal-object/предложный),her,personal-object/предложный,/hɜːr/,о ней,о ней,,singular,3,She always thinks about her.,Она всегда думает о ней.,0
138,"Personal Pronouns, object form","личные местоимения, косвенные падежи",her(personal-object/предложный),her,personal-object/предложный,/hɜːr/,о ней,о ней,,singular,3,Don’t worry about her.,Не переживай о ней.,0
139,"Personal Pronouns, object form","личные местоимения, косвенные падежи",her(personal-object/предложный),her,personal-object/предложный,/hɜːr/,о ней,о ней,,singular,3,What do you know about her?,Что ты знаешь о ней?,0
140,"Personal Pronouns, object form","личные местоимения, косвенные падежи",it(personal-object/родительный),it,personal-object/родительный,/ɪt/,его(n./п.род),его,n./п.род,singular,3,She saw it on the table.,Она увидела его на столе.,0
141,"Personal Pronouns, object form","личные местоимения, косвенные падежи",it(personal-object/родительный),it,personal-object/родительный,/ɪt/,его(n./п.род),его,n./п.род,singular,3,I took it from the box.,Я взял его из коробки.,0
142,"Personal Pronouns, object form","личные местоимения, косвенные падежи",it(personal-object/родительный),it,personal-object/родительный,/ɪt/,его(n./п.род),его,n./п.род,singular,3,They repaired it yesterday.,Они починили его вчера.,0
143,"Personal Pronouns, object form","личные местоимения, косвенные падежи",it(personal-object/родительный),it,personal-object/родительный,/ɪt/,его(n./п.род),его,n./п.род,singular,3,The teacher noticed it immediately.,Учитель заметил его сразу.,0
144,"Personal Pronouns, object form","личные местоимения, косвенные падежи",it(personal-object/родительный),it,personal-object/родительный,/ɪt/,его(n./п.род),его,n./п.род,singular,3,I remember it very well.,Я очень хорошо помню его.,0
145,"Personal Pronouns, object form","личные местоимения, косвенные падежи",it(personal-object/дательный),it,personal-object/дательный,/ɪt/,ему(n.),ему,n.,singular,3,She gave it a name.,Она дала ему имя.,0
146,"Personal Pronouns, object form","личные местоимения, косвенные падежи",it(personal-object/дательный),it,personal-object/дательный,/ɪt/,ему(n.),ему,n.,singular,3,They sent it to the laboratory.,Они отправили его в лабораторию.,0
147,"Personal Pronouns, object form","личные местоимения, косвенные падежи",it(personal-object/дательный),it,personal-object/дательный,/ɪt/,ему(n.),ему,n.,singular,3,He showed it to his friend.,Он показал его своему другу.,0
148,"Personal Pronouns, object form","личные местоимения, косвенные падежи",it(personal-object/дательный),it,personal-object/дательный,/ɪt/,ему(n.),ему,n.,singular,3,I offered it to the team.,Я предложил его команде.,0
149,"Personal Pronouns, object form","личные местоимения, косвенные падежи",it(personal-object/дательный),it,personal-object/дательный,/ɪt/,ему(n.),ему,n.,singular,3,They assigned it a task.,Они назначили ему задачу.,0
150,"Personal Pronouns, object form","личные местоимения, косвенные падежи",it(personal-object/винительный),it,personal-object/винительный,/ɪt/,его(n./п.вин),его,n./п.вин,singular,3,I found it under the bed.,Я нашёл его под кроватью.,0
151,"Personal Pronouns, object form","личные местоимения, косвенные падежи",it(personal-object/винительный),it,personal-object/винительный,/ɪt/,его(n./п.вин),его,n./п.вин,singular,3,She moved it to another room.,Она передвинула его в другую комнату.,0
152,"Personal Pronouns, object form","личные местоимения, косвенные падежи",it(personal-object/винительный),it,personal-object/винительный,/ɪt/,его(n./п.вин),его,n./п.вин,singular,3,They lost it during the trip.,Они потеряли его во время поездки.,0
153,"Personal Pronouns, object form","личные местоимения, косвенные падежи",it(personal-object/винительный),it,personal-object/винительный,/ɪt/,его(n./п.вин),его,n./п.вин,singular,3,Please fix it as soon as possible.,"Пожалуйста, почини его как можно скорее.",0
154,"Personal Pronouns, object form","личные местоимения, косвенные падежи",it(personal-object/винительный),it,personal-object/винительный,/ɪt/,его(n./п.вин),его,n./п.вин,singular,3,He bought it yesterday.,Он купил его вчера.,0
155,"Personal Pronouns, object form","личные местоимения, косвенные падежи",it(personal-object/творительный),it,personal-object/творительный,/ɪt/,им(п.тв/n.),им,п.тв/n.,singular,3,They worked with it all night.,Они работали с ним всю ночь.,0
156,"Personal Pronouns, object form","личные местоимения, косвенные падежи",it(personal-object/творительный),it,personal-object/творительный,/ɪt/,им(п.тв/n.),им,п.тв/n.,singular,3,She cleaned the floor with it.,Она убрала пол с его помощью.,0
157,"Personal Pronouns, object form","личные местоимения, косвенные падежи",it(personal-object/творительный),it,personal-object/творительный,/ɪt/,им(п.тв/n.),им,п.тв/n.,singular,3,He impressed everyone with it.,Он впечатлил всех с его помощью.,0
158,"Personal Pronouns, object form","личные местоимения, косвенные падежи",it(personal-object/творительный),it,personal-object/творительный,/ɪt/,им(п.тв/n.),им,п.тв/n.,singular,3,They solved the problem with it.,Они решили проблему с его помощью.,0
159,"Personal Pronouns, object form","личные местоимения, косвенные падежи",it(personal-object/творительный),it,personal-object/творительный,/ɪt/,им(п.тв/n.),им,п.тв/n.,singular,3,I decorated the room with it.,Я украсил комнату с его помощью.,0
160,"Personal Pronouns, object form","личные местоимения, косвенные падежи",it(personal-object/предложный),it,personal-object/предложный,/ɪt/,о нём(n.),о нём,n.,singular,3,They talked about it yesterday.,Они говорили о нём вчера.,0
161,"Personal Pronouns, object form","личные местоимения, косвенные падежи",it(personal-object/предложный),it,personal-object/предложный,/ɪt/,о нём(n.),о нём,n.,singular,3,What do you know about it?,Что ты знаешь о нём?,0
162,"Personal Pronouns, object form","личные местоимения, косвенные падежи",it(personal-object/предложный),it,personal-object/предложный,/ɪt/,о нём(n.),о нём,n.,singular,3,Don’t worry about it.,Не переживай о нём.,0
163,"Personal Pronouns, object form","личные местоимения, косвенные падежи",it(personal-object/предложный),it,personal-object/предложный,/ɪt/,о нём(n.),о нём,n.,singular,3,The story is about it.,История о нём.,0
164,"Personal Pronouns, object form","личные местоимения, косвенные падежи",it(personal-object/предложный),it,personal-object/предложный,/ɪt/,о нём(n.),о нём,n.,singular,3,She always thinks about it.,Она всегда думает о нём.,0
165,"Personal Pronouns, object form","личные местоимения, косвенные падежи",us(personal-object/родительный),us,personal-object/родительный,/ʌs/,нас(п.род),нас,п.род,plural,1,They saw us at the party.,Они видели нас на вечеринке.,0
166,"Personal Pronouns, object form","личные местоимения, косвенные падежи",us(personal-object/родительный),us,personal-object/родительный,/ʌs/,нас(п.род),нас,п.род,plural,1,She invited us to her house.,Она пригласила нас к себе домой.,0
167,"Personal Pronouns, object form","личные местоимения, косвенные падежи",us(personal-object/родительный),us,personal-object/родительный,/ʌs/,нас(п.род),нас,п.род,plural,1,The teacher praised us for our work.,Учитель похвалил нас за нашу работу.,0
168,"Personal Pronouns, object form","личные местоимения, косвенные падежи",us(personal-object/родительный),us,personal-object/родительный,/ʌs/,нас(п.род),нас,п.род,plural,1,He remembered us from school.,Он вспомнил нас из школы.,0
169,"Personal Pronouns, object form","личные местоимения, косвенные падежи",us(personal-object/родительный),us,personal-object/родительный,/ʌs/,нас(п.род),нас,п.род,plural,1,They accused us of cheating.,Они обвинили нас в обмане.,0
170,"Personal Pronouns, object form","личные местоимения, косвенные падежи",us(personal-object/дательный),us,personal-object/дательный,/ʌs/,нам,нам,,plural,1,She gave us a gift.,Она дала нам подарок.,0
171,"Personal Pronouns, object form","личные местоимения, косвенные падежи",us(personal-object/дательный),us,personal-object/дательный,/ʌs/,нам,нам,,plural,1,They sent us a letter.,Они отправили нам письмо.,0
172,"Personal Pronouns, object form","личные местоимения, косвенные падежи",us(personal-object/дательный),us,personal-object/дательный,/ʌs/,нам,нам,,plural,1,Can you show us the way?,Можешь показать нам дорогу?,0
173,"Personal Pronouns, object form","личные местоимения, косвенные падежи",us(personal-object/дательный),us,personal-object/дательный,/ʌs/,нам,нам,,plural,1,The book belongs to us.,Эта книга принадлежит нам.,0
174,"Personal Pronouns, object form","личные местоимения, косвенные падежи",us(personal-object/дательный),us,personal-object/дательный,/ʌs/,нам,нам,,plural,1,Tell us the truth.,Скажи нам правду.,0
175,"Personal Pronouns, object form","личные местоимения, косвенные падежи",us(personal-object/винительный),us,personal-object/винительный,/ʌs/,нас(п.вин),нас,п.вин,plural,1,They invited us to the party.,Они пригласили нас на вечеринку.,0
176,"Personal Pronouns, object form","личные местоимения, косвенные падежи",us(personal-object/винительный),us,personal-object/винительный,/ʌs/,нас(п.вин),нас,п.вин,plural,1,Please help us with the project.,"Пожалуйста, помогите нам с проектом.",0
177,"Personal Pronouns, object form","личные местоимения, косвенные падежи",us(personal-object/винительный),us,personal-object/винительный,/ʌs/,нас(п.вин),нас,п.вин,plural,1,I saw us in the mirror.,Я видел нас в зеркале.,0
178,"Personal Pronouns, object form","личные местоимения, косвенные падежи",us(personal-object/винительный),us,personal-object/винительный,/ʌs/,нас(п.вин),нас,п.вин,plural,1,She called us yesterday.,Она звонила нам вчера.,0
179,"Personal Pronouns, object form","личные местоимения, косвенные падежи",us(personal-object/винительный),us,personal-object/винительный,/ʌs/,нас(п.вин),нас,п.вин,plural,1,The dog followed us home.,Собака пошла за нами домой.,0
180,"Personal Pronouns, object form","личные местоимения, косвенные падежи",us(personal-object/творительный),us,personal-object/творительный,/ʌs/,нами,нами,,plural,1,They worked with us on the project.,Они работали с нами над проектом.,0
181,"Personal Pronouns, object form","личные местоимения, косвенные падежи",us(personal-object/творительный),us,personal-object/творительный,/ʌs/,нами,нами,,plural,1,She danced with us at the party.,Она танцевала с нами на вечеринке.,0
182,"Personal Pronouns, object form","личные местоимения, косвенные падежи",us(personal-object/творительный),us,personal-object/творительный,/ʌs/,нами,нами,,plural,1,The teacher was impressed by us.,Учитель был впечатлён нами.,0
183,"Personal Pronouns, object form","личные местоимения, косвенные падежи",us(personal-object/творительный),us,personal-object/творительный,/ʌs/,нами,нами,,plural,1,He argued with us about politics.,Он спорил с нами о политике.,0
184,"Personal Pronouns, object form","личные местоимения, косвенные падежи",us(personal-object/творительный),us,personal-object/творительный,/ʌs/,нами,нами,,plural,1,They traveled with us last summer.,Они путешествовали с нами прошлым летом.,0
185,"Personal Pronouns, object form","личные местоимения, косвенные падежи",us(personal-object/предложный),us,personal-object/предложный,/ʌs/,о нас,о нас,,plural,1,They talked about us yesterday.,Они говорили о нас вчера.,0
186,"Personal Pronouns, object form","личные местоимения, косвенные падежи",us(personal-object/предложный),us,personal-object/предложный,/ʌs/,о нас,о нас,,plural,1,The story is about us.,История о нас.,0
187,"Personal Pronouns, object form","личные местоимения, косвенные падежи",us(personal-object/предложный),us,personal-object/предложный,/ʌs/,о нас,о нас,,plural,1,She always thinks about us.,Она всегда думает о нас.,0
188,"Personal Pronouns, object form","личные местоимения, косвенные падежи",us(personal-object/предложный),us,personal-object/предложный,/ʌs/,о нас,о нас,,plural,1,Don’t worry about us.,Не переживай о нас.,0
189,"Personal Pronouns, object form","личные местоимения, косвенные падежи",us(personal-object/предложный),us,personal-object/предложный,/ʌs/,о нас,о нас,,plural,1,What do you know about us?,Что ты знаешь о нас?,0
190,"Personal Pronouns, object form","личные местоимения, косвенные падежи",them(personal-object/родительный),them,personal-object/родительный,/ðɛm/,их(п.род),их,п.род,plural,3,I saw them at the park.,Я видел их в парке.,0
191,"Personal Pronouns, object form","личные местоимения, косвенные падежи",them(personal-object/родительный),them,personal-object/родительный,/ðɛm/,их(п.род),их,п.род,plural,3,They invited them to the meeting.,Они пригласили их на встречу.,0
192,"Personal Pronouns, object form","личные местоимения, косвенные падежи",them(personal-object/родительный),them,personal-object/родительный,/ðɛm/,их(п.род),их,п.род,plural,3,She remembered them from school.,Она вспомнила их из школы.,0
193,"Personal Pronouns, object form","личные местоимения, косвенные падежи",them(personal-object/родительный),them,personal-object/родительный,/ðɛm/,их(п.род),их,п.род,plural,3,We need to talk to them.,Нам нужно поговорить с ними.,0
194,"Personal Pronouns, object form","личные местоимения, косвенные падежи",them(personal-object/родительный),them,personal-object/родительный,/ðɛm/,их(п.род),их,п.род,plural,3,They accused them of lying.,Они обвинили их во лжи.,0
195,"Personal Pronouns, object form","личные местоимения, косвенные падежи",them(personal-object/дательный),them,personal-object/дательный,/ðɛm/,им(п.дат),им,п.дат,plural,3,She gave them a gift.,Она дала им подарок.,0
196,"Personal Pronouns, object form","личные местоимения, косвенные падежи",them(personal-object/дательный),them,personal-object/дательный,/ðɛm/,им(п.дат),им,п.дат,plural,3,They sent them a letter.,Они отправили им письмо.,0
197,"Personal Pronouns, object form","личные местоимения, косвенные падежи",them(personal-object/дательный),them,personal-object/дательный,/ðɛm/,им(п.дат),им,п.дат,plural,3,Can I show them something?,Могу показать им что-то?,0
198,"Personal Pronouns, object form","личные местоимения, косвенные падежи",them(personal-object/дательный),them,personal-object/дательный,/ðɛm/,им(п.дат),им,п.дат,plural,3,The book belongs to them.,Эта книга принадлежит им.,0
199,"Personal Pronouns, object form","личные местоимения, косвенные падежи",them(personal-object/дательный),them,personal-object/дательный,/ðɛm/,им(п.дат),им,п.дат,plural,3,Tell them the truth.,Скажи им правду.,0
200,"Personal Pronouns, object form","личные местоимения, косвенные падежи",them(personal-object/винительный),them,personal-object/винительный,/ðɛm/,их(п.вин),их,п.вин,plural,3,I trust them.,Я доверяю им.,0
201,"Personal Pronouns, object form","личные местоимения, косвенные падежи",them(personal-object/винительный),them,personal-object/винительный,/ðɛm/,их(п.вин),их,п.вин,plural,3,Please help them with the project.,"Пожалуйста, помогите им с проектом.",0
202,"Personal Pronouns, object form","личные местоимения, косвенные падежи",them(personal-object/винительный),them,personal-object/винительный,/ðɛm/,их(п.вин),их,п.вин,plural,3,They saw them at the party.,Они видели их на вечеринке.,0
203,"Personal Pronouns, object form","личные местоимения, косвенные падежи",them(personal-object/винительный),them,personal-object/винительный,/ðɛm/,их(п.вин),их,п.вин,plural,3,She called them yesterday.,Она звонила им вчера.,0
204,"Personal Pronouns, object form","личные местоимения, косвенные падежи",them(personal-object/винительный),them,personal-object/винительный,/ðɛm/,их(п.вин),их,п.вин,plural,3,He invited them to dinner.,Он пригласил их на ужин.,0
205,"Personal Pronouns, object form","личные местоимения, косвенные падежи",them(personal-object/творительный),them,personal-object/творительный,/ðɛm/,ими,ими,,plural,3,They worked with them on the project.,Они работали с ними над проектом.,0
206,"Personal Pronouns, object form","личные местоимения, косвенные падежи",them(personal-object/творительный),them,personal-object/творительный,/ðɛm/,ими,ими,,plural,3,She danced with them at the party.,Она танцевала с ними на вечеринке.,0
207,"Personal Pronouns, object form","личные местоимения, косвенные падежи",them(personal-object/творительный),them,personal-object/творительный,/ðɛm/,ими,ими,,plural,3,The teacher was impressed by them.,Учитель был впечатлён ими.,0
208,"Personal Pronouns, object form","личные местоимения, косвенные падежи",them(personal-object/творительный),them,personal-object/творительный,/ðɛm/,ими,ими,,plural,3,He argued with them about politics.,Он спорил с ними о политике.,0
209,"Personal Pronouns, object form","личные местоимения, косвенные падежи",them(personal-object/творительный),them,personal-object/творительный,/ðɛm/,ими,ими,,plural,3,They traveled with them last summer.,Они путешествовали с ними прошлым летом.,0
210,"Personal Pronouns, object form","личные местоимения, косвенные падежи",them(personal-object/предложный),them,personal-object/предложный,/ðɛm/,о них,о них,,plural,3,They talked about them yesterday.,Они говорили о них вчера.,0
211,"Personal Pronouns, object form","личные местоимения, косвенные падежи",them(personal-object/предложный),them,personal-object/предложный,/ðɛm/,о них,о них,,plural,3,The story is about them.,История о них.,0
212,"Personal Pronouns, object form","личные местоимения, косвенные падежи",them(personal-object/предложный),them,personal-object/предложный,/ðɛm/,о них,о них,,plural,3,She always thinks about them.,Она всегда думает о них.,0
213,"Personal Pronouns, object form","личные местоимения, косвенные падежи",them(personal-object/предложный),them,personal-object/предложный,/ðɛm/,о них,о них,,plural,3,Don’t worry about them.,Не переживай о них.,0
214,"Personal Pronouns, object form","личные местоимения, косвенные падежи",them(personal-object/предложный),them,personal-object/предложный,/ðɛm/,о них,о них,,plural,3,What do you know about them?,Что ты знаешь о них?,0
215,Possessive Pronouns,Притяжательные местоимения,mine,mine,,/maɪn/,мой(poss-pron),мой,poss-pron,singular,1,This book is mine.,Эта книга моя.,0
216,Possessive Pronouns,Притяжательные местоимения,mine,mine,,/maɪn/,мой(poss-pron),мой,poss-pron,singular,1,The choice is mine.,Выбор за мной.,0
217,Possessive Pronouns,Притяжательные местоимения,mine,mine,,/maɪn/,мой(poss-pron),мой,poss-pron,singular,1,That bag is mine.,Эта сумка моя.,0
218,Possessive Pronouns,Притяжательные местоимения,mine,mine,,/maɪn/,мой(poss-pron),мой,poss-pron,singular,1,This seat is mine.,Это место моё.,0
219,Possessive Pronouns,Притяжательные местоимения,mine,mine,,/maɪn/,мой(poss-pron),мой,poss-pron,singular,1,The decision was mine.,Решение было моим.,0
220,Possessive Pronouns,Притяжательные местоимения,yours,yours,,/jɔːrz/,ваш(poss-pron),ваш,poss-pron,plural,2,The tickets are yours.,Билеты ваши.,0
221,Possessive Pronouns,Притяжательные местоимения,yours,yours,,/jɔːrz/,ваш(poss-pron),ваш,poss-pron,plural,2,This success is yours.,Этот успех ваш.,0
222,Possessive Pronouns,Притяжательные местоимения,yours,yours,,/jɔːrz/,ваш(poss-pron),ваш,poss-pron,plural,2,The choice is yours.,Выбор за вами.,0
223,Possessive Pronouns,Притяжательные местоимения,yours,yours,,/jɔːrz/,ваш(poss-pron),ваш,poss-pron,plural,2,The responsibility is yours.,Ответственность ваша.,0
224,Possessive Pronouns,Притяжательные местоимения,yours,yours,,/jɔːrz/,ваш(poss-pron),ваш,poss-pron,plural,2,The decision was yours.,Решение было вашим.,0
225,Possessive Pronouns,Притяжательные местоимения,his(poss-pron),his,poss-pron,/hɪz/,его(poss-pron/m.),его,poss-pron/m.,singular,3,The coat is his.,Пальто его.,0
226,Possessive Pronouns,Притяжательные местоимения,his(poss-pron),his,poss-pron,/hɪz/,его(poss-pron/m.),его,poss-pron/m.,singular,3,This bike is his.,Этот велосипед его.,0
227,Possessive Pronouns,Притяжательные местоимения,his(poss-pron),his,poss-pron,/hɪz/,его(poss-pron/m.),его,poss-pron/m.,singular,3,Is that notebook his?,Это его тетрадь?,0
228,Possessive Pronouns,Притяжательные местоимения,his(poss-pron),his,poss-pron,/hɪz/,его(poss-pron/m.),его,poss-pron/m.,singular,3,The idea was his.,Это была его идея.,0
229,Possessive Pronouns,Притяжательные местоимения,his(poss-pron),his,poss-pron,/hɪz/,его(poss-pron/m.),его,poss-pron/m.,singular,3,The credit goes to him and his work.,Заслуга принадлежит ему и его работе.,0
230,Possessive Pronouns,Притяжательные местоимения,hers,hers,,/hɜːrz/,её(poss-pron),её,poss-pron,singular,3,The house is hers.,Дом её.,0
231,Possessive Pronouns,Притяжательные местоимения,hers,hers,,/hɜːrz/,её(poss-pron),её,poss-pron,singular,3,This scarf is hers.,Этот шарф её.,0
232,Possessive Pronouns,Притяжательные местоимения,hers,hers,,/hɜːrz/,её(poss-pron),её,poss-pron,singular,3,The victory was hers.,Победа была её.,0
233,Possessive Pronouns,Притяжательные местоимения,hers,hers,,/hɜːrz/,её(poss-pron),её,poss-pron,singular,3,That decision was hers.,Это решение было её.,0
234,Possessive Pronouns,Притяжательные местоимения,hers,hers,,/hɜːrz/,её(poss-pron),её,poss-pron,singular,3,The responsibility is hers.,Ответственность лежит на ней.,0
235,Possessive Pronouns,Притяжательные местоимения,its(poss-pron),its,poss-pron,/ɪts/,его(poss-pron/n.),его,poss-pron/n.,singular,3,The decision is its.,Решение его.,0
236,Possessive Pronouns,Притяжательные местоимения,its(poss-pron),its,poss-pron,/ɪts/,его(poss-pron/n.),его,poss-pron/n.,singular,3,Its name is unique.,Его название уникально.,0
237,Possessive Pronouns,Притяжательные местоимения,its(poss-pron),its,poss-pron,/ɪts/,его(poss-pron/n.),его,poss-pron/n.,singular,3,The color is its.,Цвет его.,0
238,Possessive Pronouns,Притяжательные местоимения,its(poss-pron),its,poss-pron,/ɪts/,его(poss-pron/n.),его,poss-pron/n.,singular,3,Its role is important.,Его роль важна.,0
239,Possessive Pronouns,Притяжательные местоимения,its(poss-pron),its,poss-pron,/ɪts/,его(poss-pron/n.),его,poss-pron/n.,singular,3,The sound is its.,Звук его.,0
240,Possessive Pronouns,Притяжательные местоимения,ours,ours,,/aʊrz/,наш(poss-pron),наш,poss-pron,plural,1,This victory is ours.,Эта победа наша.,0
241,Possessive Pronouns,Притяжательные местоимения,ours,ours,,/aʊrz/,наш(poss-pron),наш,poss-pron,plural,1,The house is ours.,Дом наш.,0
242,Possessive Pronouns,Притяжательные местоимения,ours,ours,,/aʊrz/,наш(poss-pron),наш,poss-pron,plural,1,This problem is ours to solve.,"Это наша проблема, которую нужно решить.",0
243,Possessive Pronouns,Притяжательные местоимения,ours,ours,,/aʊrz/,наш(poss-pron),наш,poss-pron,plural,1,That car is ours.,Эта машина наша.,0
244,Possessive Pronouns,Притяжательные местоимения,ours,ours,,/aʊrz/,наш(poss-pron),наш,poss-pron,plural,1,The plan is ours.,План наш.,0
245,Possessive Pronouns,Притяжательные местоимения,theirs,theirs,,/ðɛrz/,их(poss-pron),их,poss-pron,plural,3,The car is theirs.,Машина их.,0
246,Possessive Pronouns,Притяжательные местоимения,theirs,theirs,,/ðɛrz/,их(poss-pron),их,poss-pron,plural,3,The books are theirs.,Книги их.,0
247,Possessive Pronouns,Притяжательные местоимения,theirs,theirs,,/ðɛrz/,их(poss-pron),их,poss-pron,plural,3,This problem is theirs to handle.,Эта проблема на них.,0
248,Possessive Pronouns,Притяжательные местоимения,theirs,theirs,,/ðɛrz/,их(poss-pron),их,poss-pron,plural,3,The success was theirs.,Успех был их.,0
249,Possessive Pronouns,Притяжательные местоимения,theirs,theirs,,/ðɛrz/,их(poss-pron),их,poss-pron,plural,3,The blame is theirs.,Вина их.,0
250,Possessive Adjectives,Притяжательные прилагательные,my,my,,/maɪ/,мой(poss-adj),мой,poss-adj,singular,1,My book is on the table.,Моя книга на столе.,0
251,Possessive Adjectives,Притяжательные прилагательные,my,my,,/maɪ/,мой(poss-adj),мой,poss-adj,singular,1,My car is very old.,Моя машина очень старая.,0
252,Possessive Adjectives,Притяжательные прилагательные,my,my,,/maɪ/,мой(poss-adj),мой,poss-adj,singular,1,My house is near the park.,Мой дом рядом с парком.,0
253,Possessive Adjectives,Притяжательные прилагательные,my,my,,/maɪ/,мой(poss-adj),мой,poss-adj,singular,1,My friend is waiting for me.,Мой друг ждёт меня.,0
254,Possessive Adjectives,Притяжательные прилагательные,my,my,,/maɪ/,мой(poss-adj),мой,poss-adj,singular,1,My phone is charging.,Мой телефон заряжается.,0
255,Possessive Adjectives,Притяжательные прилагательные,your,your,,/jɔːr/,ваш(poss-adj),ваш,poss-adj,plural,2,Your efforts matter.,Ваши усилия важны.,0
256,Possessive Adjectives,Притяжательные прилагательные,your,your,,/jɔːr/,ваш(poss-adj),ваш,poss-adj,plural,2,Your house is beautiful.,Ваш дом красивый.,0
257,Possessive Adjectives,Притяжательные прилагательные,your,your,,/jɔːr/,ваш(poss-adj),ваш,poss-adj,plural,2,Where is your car?,Где ваша машина?,0
258,Possessive Adjectives,Притяжательные прилагательные,your,your,,/jɔːr/,ваш(poss-adj),ваш,poss-adj,plural,2,Your kids are very polite.,Ваши дети очень вежливы.,0
259,Possessive Adjectives,Притяжательные прилагательные,your,your,,/jɔːr/,ваш(poss-adj),ваш,poss-adj,plural,2,I like your idea.,Мне нравится ваша идея.,0
260,Possessive Adjectives,Притяжательные прилагательные,his(poss-adj),his,poss-adj,/hɪz/,его(poss-adj/m.),его,poss-adj/m.,singular,3,His dog is friendly.,Его собака дружелюбная.,0
261,Possessive Adjectives,Притяжательные прилагательные,his(poss-adj),his,poss-adj,/hɪz/,его(poss-adj/m.),его,poss-adj/m.,singular,3,His house is very big.,Его дом очень большой.,0
262,Possessive Adjectives,Притяжательные прилагательные,his(poss-adj),his,poss-adj,/hɪz/,его(poss-adj/m.),его,poss-adj/m.,singular,3,I like his car.,Мне нравится его машина.,0
263,Possessive Adjectives,Притяжательные прилагательные,his(poss-adj),his,poss-adj,/hɪz/,его(poss-adj/m.),его,poss-adj/m.,singular,3,His work is inspiring.,Его работа вдохновляющая.,0
264,Possessive Adjectives,Притяжательные прилагательные,his(poss-adj),his,poss-adj,/hɪz/,его(poss-adj/m.),его,poss-adj/m.,singular,3,Where is his book?,Где его книга?,0
265,Possessive Adjectives,Притяжательные прилагательные,her(poss-adj),her,poss-adj,/hɜːr/,её,её,,singular,3,Her ideas are brilliant.,Её идеи блестящие.,0
266,Possessive Adjectives,Притяжательные прилагательные,her(poss-adj),her,poss-adj,/hɜːr/,её,её,,singular,3,Her voice is beautiful.,Её голос прекрасен.,0
267,Possessive Adjectives,Притяжательные прилагательные,her(poss-adj),her,poss-adj,/hɜːr/,её,её,,singular,3,Her house is near the school.,Её дом рядом со школой.,0
268,Possessive Adjectives,Притяжательные прилагательные,her(poss-adj),her,poss-adj,/hɜːr/,её,её,,singular,3,I like her style.,Мне нравится её стиль.,0
269,Possessive Adjectives,Притяжательные прилагательные,her(poss-adj),her,poss-adj,/hɜːr/,её,её,,singular,3,This is her favorite color.,Это её любимый цвет.,0
270,Possessive Adjectives,Притяжательные прилагательные,its(poss-adj),its,poss-adj,/ɪts/,его(poss-adj/n.),его,poss-adj/n.,singular,3,Its color is vibrant.,Его цвет яркий.,0
271,Possessive Adjectives,Притяжательные прилагательные,its(poss-adj),its,poss-adj,/ɪts/,его(poss-adj/n.),его,poss-adj/n.,singular,3,Its size is perfect.,Его размер идеален.,0
272,Possessive Adjectives,Притяжательные прилагательные,its(poss-adj),its,poss-adj,/ɪts/,его(poss-adj/n.),его,poss-adj/n.,singular,3,I like its design.,Мне нравится его дизайн.,0
273,Possessive Adjectives,Притяжательные прилагательные,its(poss-adj),its,poss-adj,/ɪts/,его(poss-adj/n.),его,poss-adj/n.,singular,3,Its role is important.,Его роль важна.,0
274,Possessive Adjectives,Притяжательные прилагательные,its(poss-adj),its,poss-adj,/ɪts/,его(poss-adj/n.),его,poss-adj/n.,singular,3,Its sound is unique.,Его звук уникален.,0
275,Possessive Adjectives,Притяжательные прилагательные,our,our,,/aʊr/,наш(poss-adj),наш,poss-adj,plural,1,Our team is strong.,Наша команда сильная.,0
276,Possessive Adjectives,Притяжательные прилагательные,our,our,,/aʊr/,наш(poss-adj),наш,poss-adj,plural,1,Our house is on the corner.,Наш дом на углу.,0
277,Possessive Adjectives,Притяжательные прилагательные,our,our,,/aʊr/,наш(poss-adj),наш,poss-adj,plural,1,Our car is parked outside.,Наша машина припаркована снаружи.,0
278,Possessive Adjectives,Притяжательные прилагательные,our,our,,/aʊr/,наш(poss-adj),наш,poss-adj,plural,1,Our work is almost done.,Наша работа почти завершена.,0
279,Possessive Adjectives,Притяжательные прилагательные,our,our,,/aʊr/,наш(poss-adj),наш,poss-adj,plural,1,Our friends are coming over.,Наши друзья идут к нам.,0
280,Possessive Adjectives,Притяжательные прилагательные,their,their,,/ðɛr/,их(poss-adj),их,poss-adj,plural,3,Their house is beautiful.,Их дом красивый.,0
281,Possessive Adjectives,Притяжательные прилагательные,their,their,,/ðɛr/,их(poss-adj),их,poss-adj,plural,3,Their dog is very playful.,Их собака очень игривая.,0
282,Possessive Adjectives,Притяжательные прилагательные,their,their,,/ðɛr/,их(poss-adj),их,poss-adj,plural,3,Their car is new.,Их машина новая.,0
283,Possessive Adjectives,Притяжательные прилагательные,their,their,,/ðɛr/,их(poss-adj),их,poss-adj,plural,3,Their kids are at school.,Их дети в школе.,0
284,Possessive Adjectives,Притяжательные прилагательные,their,their,,/ðɛr/,их(poss-adj),их,poss-adj,plural,3,I like their work.,Мне нравится их работа.,0
285,Demonstrative Pronouns,Указательные местоимения,this,this,,/ðɪs/,это(demonstrative),это,demonstrative,singular,,This is my house.,Это мой дом.,0
286,Demonstrative Pronouns,Указательные местоимения,this,this,,/ðɪs/,это(demonstrative),это,demonstrative,singular,,This is a great idea.,Это отличная идея.,0
287,Demonstrative Pronouns,Указательные местоимения,this,this,,/ðɪs/,это(demonstrative),это,demonstrative,singular,,I like this dress.,Мне нравится это платье.,0
288,Demonstrative Pronouns,Указательные местоимения,this,this,,/ðɪs/,это(demonstrative),это,demonstrative,singular,,This is for you.,Это для тебя.,0
289,Demonstrative Pronouns,Указательные местоимения,this,this,,/ðɪs/,это(demonstrative),это,demonstrative,singular,,Do you see this?,Ты видишь это?,0
290,Demonstrative Pronouns,Указательные местоимения,that(demonstrative),that,demonstrative,/ðæt/,то,то,,singular,,That is a beautiful painting.,То красивая картина.,0
291,Demonstrative Pronouns,Указательные местоимения,that(demonstrative),that,demonstrative,/ðæt/,то,то,,singular,,I don’t understand that.,Я не понимаю это.,0
292,Demonstrative Pronouns,Указательные местоимения,that(demonstrative),that,demonstrative,/ðæt/,то,то,,singular,,That is not mine.,То не моё.,0
293,Demonstrative Pronouns,Указательные местоимения,that(demonstrative),that,demonstrative,/ðæt/,то,то,,singular,,Look at that building.,Посмотри на то здание.,0
294,Demonstrative Pronouns,Указательные местоимения,that(demonstrative),that,demonstrative,/ðæt/,то,то,,singular,,That was an amazing performance.,То было удивительное представление.,0
295,Demonstrative Pronouns,Указательные местоимения,these,these,,/ðiːz/,эти,эти,,plural,,These are my friends.,Это мои друзья.,0
296,Demonstrative Pronouns,Указательные местоимения,these,these,,/ðiːz/,эти,эти,,plural,,I like these shoes.,Мне нравятся эти туфли.,0
297,Demonstrative Pronouns,Указательные местоимения,these,these,,/ðiːz/,эти,эти,,plural,,These are your keys.,Это твои ключи.,0
298,Demonstrative Pronouns,Указательные местоимения,these,these,,/ðiːz/,эти,эти,,plural,,Are these yours?,Это твои?,0
299,Demonstrative Pronouns,Указательные местоимения,these,these,,/ðiːz/,эти,эти,,plural,,These books are interesting.,Эти книги интересные.,0
300,Demonstrative Pronouns,Указательные местоимения,those,those,,/ðoʊz/,те,те,,plural,,Those are expensive shoes.,Те туфли дорогие.,0
301,Demonstrative Pronouns,Указательные местоимения,those,those,,/ðoʊz/,те,те,,plural,,I want to buy those apples.,Я хочу купить те яблоки.,0
302,Demonstrative Pronouns,Указательные местоимения,those,those,,/ðoʊz/,те,те,,plural,,Those were the best days of my life.,Это были лучшие дни моей жизни.,0
303,Demonstrative Pronouns,Указательные местоимения,those,those,,/ðoʊz/,те,те,,plural,,Who owns those cars?,Кому принадлежат те машины?,0
304,Demonstrative Pronouns,Указательные местоимения,those,those,,/ðoʊz/,те,те,,plural,,Those people are very kind.,Те люди очень добрые.,0
305,Interrogative Pronouns,Вопросительные местоимения,who(interrogative),who,interrogative,/huː/,кто(interrogative),кто,interrogative,,,Who is there?,Кто там?,0
306,Interrogative Pronouns,Вопросительные местоимения,who(interrogative),who,interrogative,/huː/,кто(interrogative),кто,interrogative,,,Who are you talking to?,С кем ты разговариваешь?,0
307,Interrogative Pronouns,Вопросительные местоимения,who(interrogative),who,interrogative,/huː/,кто(interrogative),кто,interrogative,,,Who will help us?,Кто нам поможет?,0
308,Interrogative Pronouns,Вопросительные местоимения,who(interrogative),who,interrogative,/huː/,кто(interrogative),кто,interrogative,,,Who wrote this book?,Кто написал эту книгу?,0
309,Interrogative Pronouns,Вопросительные местоимения,who(interrogative),who,interrogative,/huː/,кто(interrogative),кто,interrogative,,,Who knows the answer?,Кто знает ответ?,0
310,Interrogative Pronouns,Вопросительные местоимения,whom(interrogative),whom,interrogative,/huːm/,"кого(interrogative), кому(interrogative)",кого,"interrogative), кому(interrogative",,,Whom did you see?,Кого ты видел?,0
311,Interrogative Pronouns,Вопросительные местоимения,whom(interrogative),whom,interrogative,/huːm/,"кого(interrogative), кому(interrogative)",кого,"interrogative), кому(interrogative",,,Whom should I ask about this?,Кого мне спросить об этом?,0
312,Interrogative Pronouns,Вопросительные местоимения,whom(interrogative),whom,interrogative,/huːm/,"кого(interrogative), кому(interrogative)",кого,"interrogative), кому(interrogative",,,Whom are you talking about?,О ком ты говоришь?,0
313,Interrogative Pronouns,Вопросительные местоимения,whom(interrogative),whom,interrogative,/huːm/,"кого(interrogative), кому(interrogative)",кого,"interrogative), кому(interrogative",,,To whom did you send the letter?,Кому ты отправил письмо?,0
314,Interrogative Pronouns,Вопросительные местоимения,whom(interrogative),whom,interrogative,/huːm/,"кого(interrogative), кому(interrogative)",кого,"interrogative), кому(interrogative",,,Whom do you trust the most?,Кому ты доверяешь больше всего?,0
315,Interrogative Pronouns,Вопросительные местоимения,whose(interrogative),whose,interrogative,/huːz/,чей(interrogative),чей,interrogative,,,Whose book is this?,Чья это книга?,0
316,Interrogative Pronouns,Вопросительные местоимения,whose(interrogative),whose,interrogative,/huːz/,чей(interrogative),чей,interrogative,,,Whose bag is on the chair?,Чья сумка на стуле?,0
317,Interrogative Pronouns,Вопросительные местоимения,whose(interrogative),whose,interrogative,/huːz/,чей(interrogative),чей,interrogative,,,Whose idea was it?,Чья это была идея?,0
318,Interrogative Pronouns,Вопросительные местоимения,whose(interrogative),whose,interrogative,/huːz/,чей(interrogative),чей,interrogative,,,Whose car is parked outside?,Чья машина припаркована снаружи?,0
319,Interrogative Pronouns,Вопросительные местоимения,whose(interrogative),whose,interrogative,/huːz/,чей(interrogative),чей,interrogative,,,Whose turn is it?,Чья очередь?,0
320,Interrogative Pronouns,Вопросительные местоимения,which(interrogative),which,interrogative,/wɪtʃ/,который(interrogative),который,interrogative,,,Which one do you prefer?,Который из них ты предпочитаешь?,0
321,Interrogative Pronouns,Вопросительные местоимения,which(interrogative),which,interrogative,/wɪtʃ/,который(interrogative),который,interrogative,,,Which color do you like more?,Какой цвет тебе нравится больше?,0
322,Interrogative Pronouns,Вопросительные местоимения,which(interrogative),which,interrogative,/wɪtʃ/,который(interrogative),который,interrogative,,,Which book should I read first?,Какую книгу мне прочитать первой?,0
323,Interrogative Pronouns,Вопросительные местоимения,which(interrogative),which,interrogative,/wɪtʃ/,который(interrogative),который,interrogative,,,Which way is faster?,Какой путь быстрее?,0
324,Interrogative Pronouns,Вопросительные местоимения,which(interrogative),which,interrogative,/wɪtʃ/,который(interrogative),который,interrogative,,,Which team won the match?,Какая команда выиграла матч?,0
325,Interrogative Pronouns,Вопросительные местоимения,what,what,,/wɒt/,что,что,,,,What is your name?,Как тебя зовут?,0
326,Interrogative Pronouns,Вопросительные местоимения,what,what,,/wɒt/,что,что,,,,What are you doing?,Что ты делаешь?,0
327,Interrogative Pronouns,Вопросительные местоимения,what,what,,/wɒt/,что,что,,,,What is this for?,Для чего это?,0
328,Interrogative Pronouns,Вопросительные местоимения,what,what,,/wɒt/,что,что,,,,What happened here?,Что здесь случилось?,0
329,Interrogative Pronouns,Вопросительные местоимения,what,what,,/wɒt/,что,что,,,,What do you want to eat?,Что ты хочешь съесть?,0
330,Relative Pronouns,Относительные местоимения,who(relative),who,relative,/huː/,кто(relative),кто,relative,,,This is the man who helped us.,"Это человек, который помог нам.",0
331,Relative Pronouns,Относительные местоимения,who(relative),who,relative,/huː/,кто(relative),кто,relative,,,She knows the teacher who gave the lecture.,"Она знает преподавателя, который читал лекцию.",0
332,Relative Pronouns,Относительные местоимения,who(relative),who,relative,/huː/,кто(relative),кто,relative,,,I met the person who wrote this book.,"Я встретил человека, который написал эту книгу.",0
333,Relative Pronouns,Относительные местоимения,who(relative),who,relative,/huː/,кто(relative),кто,relative,,,The girl who lives next door is very kind.,"Девочка, которая живёт по соседству, очень добрая.",0
334,Relative Pronouns,Относительные местоимения,who(relative),who,relative,/huː/,кто(relative),кто,relative,,,The boy who broke the window apologized.,"Мальчик, который разбил окно, извинился.",0
335,Relative Pronouns,Относительные местоимения,whom(relative),whom,relative,/huːm/,"кого(relative), кому(relative)",кого,"relative), кому(relative",,,The person whom I saw was kind.,"Человек, которого я видел, был добр.",0
336,Relative Pronouns,Относительные местоимения,whom(relative),whom,relative,/huːm/,"кого(relative), кому(relative)",кого,"relative), кому(relative",,,The friend to whom I gave the book liked it.,"Друг, которому я дал книгу, понравилась.",0
337,Relative Pronouns,Относительные местоимения,whom(relative),whom,relative,/huːm/,"кого(relative), кому(relative)",кого,"relative), кому(relative",,,She is the one whom we trust the most.,"Она та, кому мы доверяем больше всего.",0
338,Relative Pronouns,Относительные местоимения,whom(relative),whom,relative,/huːm/,"кого(relative), кому(relative)",кого,"relative), кому(relative",,,The man whom you called is busy now.,"Мужчина, которому ты звонил, сейчас занят.",0
339,Relative Pronouns,Относительные местоимения,whom(relative),whom,relative,/huːm/,"кого(relative), кому(relative)",кого,"relative), кому(relative",,,The woman whom they invited didn't come.,"Женщина, которую они пригласили, не пришла.",0
340,Relative Pronouns,Относительные местоимения,whose(relative),whose,relative,/huːz/,чей(relative),чей,relative,,,The car whose owner is unknown was towed.,"Машина, чей владелец неизвестен, была эвакуирована.",0
341,Relative Pronouns,Относительные местоимения,whose(relative),whose,relative,/huːz/,чей(relative),чей,relative,,,I found the dog whose collar was lost.,"Я нашёл собаку, чей ошейник был потерян.",0
342,Relative Pronouns,Относительные местоимения,whose(relative),whose,relative,/huːz/,чей(relative),чей,relative,,,The artist whose work we admire is here.,"Художник, чьей работой мы восхищаемся, здесь.",0
343,Relative Pronouns,Относительные местоимения,whose(relative),whose,relative,/huːz/,чей(relative),чей,relative,,,She knows the student whose homework was late.,"Она знает студента, чья домашняя работа была сдана с опозданием.",0
344,Relative Pronouns,Относительные местоимения,whose(relative),whose,relative,/huːz/,чей(relative),чей,relative,,,This is the house whose roof was repaired.,"Это дом, чья крыша была отремонтирована.",0
345,Relative Pronouns,Относительные местоимения,which(relative),which,relative,/wɪtʃ/,который(relative),который,relative,,,The book which I read was fascinating.,"Книга, которую я прочитал, была увлекательной.",0
346,Relative Pronouns,Относительные местоимения,which(relative),which,relative,/wɪtʃ/,который(relative),который,relative,,,The car which he bought is very fast.,"Машина, которую он купил, очень быстрая.",0
347,Relative Pronouns,Относительные местоимения,which(relative),which,relative,/wɪtʃ/,который(relative),который,relative,,,The movie which we watched was amazing.,"Фильм, который мы посмотрели, был потрясающим.",0
348,Relative Pronouns,Относительные местоимения,which(relative),which,relative,/wɪtʃ/,который(relative),который,relative,,,The room which she cleaned looks great.,"Комната, которую она убрала, выглядит отлично.",0
349,Relative Pronouns,Относительные местоимения,which(relative),which,relative,/wɪtʃ/,который(relative),который,relative,,,The idea which they proposed was brilliant.,"Идея, которую они предложили, была блестящей.",0
350,Relative Pronouns,Относительные местоимения,that(relative),that,relative,/ðæt/,что(relative),что,relative,,,This is the house that Jack built.,"Это дом, который построил Джек.",0
351,Relative Pronouns,Относительные местоимения,that(relative),that,relative,/ðæt/,что(relative),что,relative,,,The bag that she bought is expensive.,"Сумка, которую она купила, дорогая.",0
352,Relative Pronouns,Относительные местоимения,that(relative),that,relative,/ðæt/,что(relative),что,relative,,,The train that we took was late.,"Поезд, на который мы сели, опоздал.",0
353,Relative Pronouns,Относительные местоимения,that(relative),that,relative,/ðæt/,что(relative),что,relative,,,The phone that he lost was found.,"Телефон, который он потерял, был найден.",0
354,Relative Pronouns,Относительные местоимения,that(relative),that,relative,/ðæt/,что(relative),что,relative,,,The story that she told was interesting.,"История, которую она рассказала, была интересной.",0
355,Indefinite Pronouns,Неопределённые местоимения,some,some,,/sʌm/,"несколько(indefinite), немного(indefinite)",несколько,"indefinite), немного(indefinite",,,I need some water.,Мне нужно немного воды.,0
356,Indefinite Pronouns,Неопределённые местоимения,some,some,,/sʌm/,"несколько(indefinite), немного(indefinite)",несколько,"indefinite), немного(indefinite",,,Some people enjoy reading.,Некоторым людям нравится читать.,0
357,Indefinite Pronouns,Неопределённые местоимения,some,some,,/sʌm/,"несколько(indefinite), немного(indefinite)",несколько,"indefinite), немного(indefinite",,,Could you lend me some money?,Можешь одолжить мне немного денег?,0
358,Indefinite Pronouns,Неопределённые местоимения,some,some,,/sʌm/,"несколько(indefinite), немного(indefinite)",несколько,"indefinite), немного(indefinite",,,She brought some flowers.,Она принесла немного цветов.,0
359,Indefinite Pronouns,Неопределённые местоимения,some,some,,/sʌm/,"несколько(indefinite), немного(indefinite)",несколько,"indefinite), немного(indefinite",,,We have some news to share.,"У нас есть новости, которыми мы хотим поделиться.",0
360,Indefinite Pronouns,Неопределённые местоимения,any,any,,/ˈɛni/,"любой, какой-нибудь","любой, какой-нибудь",,,,Do you have any questions?,У вас есть какие-нибудь вопросы?,0
361,Indefinite Pronouns,Неопределённые местоимения,any,any,,/ˈɛni/,"любой, какой-нибудь","любой, какой-нибудь",,,,You can choose any book you like.,"Ты можешь выбрать любую книгу, которая тебе нравится.",0
362,Indefinite Pronouns,Неопределённые местоимения,any,any,,/ˈɛni/,"любой, какой-нибудь","любой, какой-нибудь",,,,Is there any food left?,Осталась ли какая-нибудь еда?,0
363,Indefinite Pronouns,Неопределённые местоимения,any,any,,/ˈɛni/,"любой, какой-нибудь","любой, какой-нибудь",,,,I didn’t see any difference.,Я не заметил никакой разницы.,0
364,Indefinite Pronouns,Неопределённые местоимения,any,any,,/ˈɛni/,"любой, какой-нибудь","любой, какой-нибудь",,,,Do you know any good restaurants nearby?,Ты знаешь какие-нибудь хорошие рестораны поблизости?,0
365,Indefinite Pronouns,Неопределённые местоимения,none(indefinite),none,indefinite,/nʌn/,"никто(indefinite/for-group), никакой","никто(indefinite/for-group), никакой",,,,None of them came.,Никто из них не пришёл.,0
366,Indefinite Pronouns,Неопределённые местоимения,none(indefinite),none,indefinite,/nʌn/,"никто(indefinite/for-group), никакой","никто(indefinite/for-group), никакой",,,,None of the answers were correct.,Ни один из ответов не был правильным.,0
367,Indefinite Pronouns,Неопределённые местоимения,none(indefinite),none,indefinite,/nʌn/,"никто(indefinite/for-group), никакой","никто(indefinite/for-group), никакой",,,,None of the students passed the test.,Ни один из студентов не сдал тест.,0
368,Indefinite Pronouns,Неопределённые местоимения,none(indefinite),none,indefinite,/nʌn/,"никто(indefinite/for-group), никакой","никто(indefinite/for-group), никакой",,,,There’s none left in the fridge.,В холодильнике ничего не осталось.,0
369,Indefinite Pronouns,Неопределённые местоимения,none(indefinite),none,indefinite,/nʌn/,"никто(indefinite/for-group), никакой","никто(indefinite/for-group), никакой",,,,None of us knew about it.,Никто из нас не знал об этом.,0
370,Indefinite Pronouns,Неопределённые местоимения,all(indefinite),all,indefinite,/ɔːl/,"все(indefinite), всё(indefinite)",все,"indefinite), всё(indefinite",,,All is well.,Всё хорошо.,0
371,Indefinite Pronouns,Неопределённые местоимения,all(indefinite),all,indefinite,/ɔːl/,"все(indefinite), всё(indefinite)",все,"indefinite), всё(indefinite",,,All the students passed the exam.,Все студенты сдали экзамен.,0
372,Indefinite Pronouns,Неопределённые местоимения,all(indefinite),all,indefinite,/ɔːl/,"все(indefinite), всё(indefinite)",все,"indefinite), всё(indefinite",,,She gave all her time to the project.,Она отдала всё своё время проекту.,0
373,Indefinite Pronouns,Неопределённые местоимения,all(indefinite),all,indefinite,/ɔːl/,"все(indefinite), всё(indefinite)",все,"indefinite), всё(indefinite",,,All of us were excited.,Все мы были взволнованы.,0
374,Indefinite Pronouns,Неопределённые местоимения,all(indefinite),all,indefinite,/ɔːl/,"все(indefinite), всё(indefinite)",все,"indefinite), всё(indefinite",,,All the cookies are gone.,Все печенья закончились.,0
375,Indefinite Pronouns,Неопределённые местоимения,one,one,,/wʌn/,"один, кто-то(formal/устар.)","один, кто-то",formal/устар.,,,One should always be polite.,Всегда нужно быть вежливым.,0
376,Indefinite Pronouns,Неопределённые местоимения,one,one,,/wʌn/,"один, кто-то(formal/устар.)","один, кто-то",formal/устар.,,,One of the students is absent.,Один из студентов отсутствует.,0
377,Indefinite Pronouns,Неопределённые местоимения,one,one,,/wʌn/,"один, кто-то(formal/устар.)","один, кто-то",formal/устар.,,,Do you want one or two cups of coffee?,Ты хочешь одну или две чашки кофе?,0
378,Indefinite Pronouns,Неопределённые местоимения,one,one,,/wʌn/,"один, кто-то(formal/устар.)","один, кто-то",formal/устар.,,,One must respect others.,Нужно уважать других.,0
379,Indefinite Pronouns,Неопределённые местоимения,one,one,,/wʌn/,"один, кто-то(formal/устар.)","один, кто-то",formal/устар.,,,She bought one for herself.,Она купила один для себя.,0
380,Indefinite Pronouns,Неопределённые местоимения,someone,someone,,/ˈsʌmwʌn/,кто-то(formal),кто-то,formal,,,Someone is at the door.,Кто-то у двери.,0
381,Indefinite Pronouns,Неопределённые местоимения,someone,someone,,/ˈsʌmwʌn/,кто-то(formal),кто-то,formal,,,Someone left their phone here.,Кто-то оставил здесь свой телефон.,0
382,Indefinite Pronouns,Неопределённые местоимения,someone,someone,,/ˈsʌmwʌn/,кто-то(formal),кто-то,formal,,,She met someone new yesterday.,Она встретила кого-то нового вчера.,0
383,Indefinite Pronouns,Неопределённые местоимения,someone,someone,,/ˈsʌmwʌn/,кто-то(formal),кто-то,formal,,,Someone should take responsibility.,Кто-то должен взять на себя ответственность.,0
384,Indefinite Pronouns,Неопределённые местоимения,someone,someone,,/ˈsʌmwʌn/,кто-то(formal),кто-то,formal,,,Is someone coming to help us?,"Кто-то придёт, чтобы помочь нам?",0
385,Indefinite Pronouns,Неопределённые местоимения,anyone,anyone,,/ˈɛniwʌn/,кто угодно(formal),кто угодно,formal,,,Is there anyone who can help?,"Есть кто-нибудь, кто может помочь?",0
386,Indefinite Pronouns,Неопределённые местоимения,anyone,anyone,,/ˈɛniwʌn/,кто угодно(formal),кто угодно,formal,,,Anyone can join the club.,Любой может вступить в клуб.,0
387,Indefinite Pronouns,Неопределённые местоимения,anyone,anyone,,/ˈɛniwʌn/,кто угодно(formal),кто угодно,formal,,,Did anyone call while I was out?,"Кто-нибудь звонил, пока меня не было?",0
388,Indefinite Pronouns,Неопределённые местоимения,anyone,anyone,,/ˈɛniwʌn/,кто угодно(formal),кто угодно,formal,,,Does anyone know the answer?,Кто-нибудь знает ответ?,0
389,Indefinite Pronouns,Неопределённые местоимения,anyone,anyone,,/ˈɛniwʌn/,кто угодно(formal),кто угодно,formal,,,Anyone can learn to swim.,Каждый может научиться плавать.,0
390,Indefinite Pronouns,Неопределённые местоимения,no one(indefinite),no one,indefinite,/ˈnoʊ wʌn/,никто(indefinite/formal),никто,indefinite/formal,,,No one knows the answer.,Никто не знает ответа.,0
391,Indefinite Pronouns,Неопределённые местоимения,no one(indefinite),no one,indefinite,/ˈnoʊ wʌn/,никто(indefinite/formal),никто,indefinite/formal,,,No one came to the meeting.,Никто не пришёл на встречу.,0
392,Indefinite Pronouns,Неопределённые местоимения,no one(indefinite),no one,indefinite,/ˈnoʊ wʌn/,никто(indefinite/formal),никто,indefinite/formal,,,No one can solve this problem.,Никто не может решить эту проблему.,0
393,Indefinite Pronouns,Неопределённые местоимения,no one(indefinite),no one,indefinite,/ˈnoʊ wʌn/,никто(indefinite/formal),никто,indefinite/formal,,,She told no one about her plans.,Она никому не рассказала о своих планах.,0
394,Indefinite Pronouns,Неопределённые местоимения,no one(indefinite),no one,indefinite,/ˈnoʊ wʌn/,никто(indefinite/formal),никто,indefinite/formal,,,No one is allowed to enter.,Никому не разрешено входить.,0
395,Indefinite Pronouns,Неопределённые местоимения,everyone,everyone,,/ˈɛvrɪwʌn/,каждый(formal),каждый,formal,,,Everyone is here.,Все здесь.,0
396,Indefinite Pronouns,Неопределённые местоимения,everyone,everyone,,/ˈɛvrɪwʌn/,каждый(formal),каждый,formal,,,Everyone enjoyed the party.,Всем понравилась вечеринка.,0
397,Indefinite Pronouns,Неопределённые местоимения,everyone,everyone,,/ˈɛvrɪwʌn/,каждый(formal),каждый,formal,,,Everyone should contribute to the project.,Каждый должен внести свой вклад в проект.,0
398,Indefinite Pronouns,Неопределённые местоимения,everyone,everyone,,/ˈɛvrɪwʌn/,каждый(formal),каждый,formal,,,Everyone knows the story.,Все знают эту историю.,0
399,Indefinite Pronouns,Неопределённые местоимения,everyone,everyone,,/ˈɛvrɪwʌn/,каждый(formal),каждый,formal,,,Everyone is welcome to join.,Всем рады присоединиться.,0
400,Indefinite Pronouns,Неопределённые местоимения,somebody,somebody,,/ˈsʌmbɒdi/,кто-то(casual),кто-то,casual,,,Somebody left their bag.,Кто-то оставил свою сумку.,0
401,Indefinite Pronouns,Неопределённые местоимения,somebody,somebody,,/ˈsʌmbɒdi/,кто-то(casual),кто-то,casual,,,Somebody is waiting for you outside.,Кто-то ждёт тебя снаружи.,0
402,Indefinite Pronouns,Неопределённые местоимения,somebody,somebody,,/ˈsʌmbɒdi/,кто-то(casual),кто-то,casual,,,Somebody called while you were out.,"Кто-то звонил, пока тебя не было.",0
403,Indefinite Pronouns,Неопределённые местоимения,somebody,somebody,,/ˈsʌmbɒdi/,кто-то(casual),кто-то,casual,,,I think somebody forgot their keys.,"Думаю, кто-то забыл свои ключи.",0
404,Indefinite Pronouns,Неопределённые местоимения,somebody,somebody,,/ˈsʌmbɒdi/,кто-то(casual),кто-то,casual,,,Somebody needs to take action.,Кто-то должен принять меры.,0
405,Indefinite Pronouns,Неопределённые местоимения,anybody,anybody,,/ˈɛnibɒdi/,кто угодно(casual),кто угодно,casual,,,Anybody can do it.,Кто угодно может это сделать.,0
406,Indefinite Pronouns,Неопределённые местоимения,anybody,anybody,,/ˈɛnibɒdi/,кто угодно(casual),кто угодно,casual,,,Is there anybody home?,Есть кто-нибудь дома?,0
407,Indefinite Pronouns,Неопределённые местоимения,anybody,anybody,,/ˈɛnibɒdi/,кто угодно(casual),кто угодно,casual,,,Does anybody know where she is?,"Кто-нибудь знает, где она?",0
408,Indefinite Pronouns,Неопределённые местоимения,anybody,anybody,,/ˈɛnibɒdi/,кто угодно(casual),кто угодно,casual,,,Anybody can join this event.,Любой может присоединиться к этому событию.,0
409,Indefinite Pronouns,Неопределённые местоимения,anybody,anybody,,/ˈɛnibɒdi/,кто угодно(casual),кто угодно,casual,,,I didn’t see anybody there.,Я никого там не видел.,0
410,Indefinite Pronouns,Неопределённые местоимения,nobody(indefinite),nobody,indefinite,/ˈnoʊbɒdi/,никто(indefinite/casual),никто,indefinite/casual,,,Nobody was home.,Никого не было дома.,0
411,Indefinite Pronouns,Неопределённые местоимения,nobody(indefinite),nobody,indefinite,/ˈnoʊbɒdi/,никто(indefinite/casual),никто,indefinite/casual,,,Nobody called me today.,Никто не звонил мне сегодня.,0
412,Indefinite Pronouns,Неопределённые местоимения,nobody(indefinite),nobody,indefinite,/ˈnoʊbɒdi/,никто(indefinite/casual),никто,indefinite/casual,,,Nobody understands this problem.,Никто не понимает эту проблему.,0
413,Indefinite Pronouns,Неопределённые местоимения,nobody(indefinite),nobody,indefinite,/ˈnoʊbɒdi/,никто(indefinite/casual),никто,indefinite/casual,,,Nobody has the answer.,Никто не знает ответа.,0
414,Indefinite Pronouns,Неопределённые местоимения,nobody(indefinite),nobody,indefinite,/ˈnoʊbɒdi/,никто(indefinite/casual),никто,indefinite/casual,,,Nobody can replace her.,Никто не может её заменить.,0
415,Indefinite Pronouns,Неопределённые местоимения,everybody,everybody,,/ˈɛvrɪbɒdi/,каждый(casual),каждый,casual,,,Everybody loves music.,Все любят музыку.,0
416,Indefinite Pronouns,Неопределённые местоимения,everybody,everybody,,/ˈɛvrɪbɒdi/,каждый(casual),каждый,casual,,,Everybody was invited to the party.,Все были приглашены на вечеринку.,0
417,Indefinite Pronouns,Неопределённые местоимения,everybody,everybody,,/ˈɛvrɪbɒdi/,каждый(casual),каждый,casual,,,Does everybody agree with this idea?,Все согласны с этой идеей?,0
418,Indefinite Pronouns,Неопределённые местоимения,everybody,everybody,,/ˈɛvrɪbɒdi/,каждый(casual),каждый,casual,,,Everybody is working hard.,Все работают усердно.,0
419,Indefinite Pronouns,Неопределённые местоимения,everybody,everybody,,/ˈɛvrɪbɒdi/,каждый(casual),каждый,casual,,,Everybody should have a chance to speak.,У всех должна быть возможность высказаться.,0
420,Negative Pronouns,Отрицательные местоимения,no one(negative),no one,negative,/ˈnoʊ wʌn/,никто(negative/formal),никто,negative/formal,,,No one can enter.,Никто не может войти.,0
421,Negative Pronouns,Отрицательные местоимения,no one(negative),no one,negative,/ˈnoʊ wʌn/,никто(negative/formal),никто,negative/formal,,,No one knew the answer.,Никто не знал ответа.,0
422,Negative Pronouns,Отрицательные местоимения,no one(negative),no one,negative,/ˈnoʊ wʌn/,никто(negative/formal),никто,negative/formal,,,No one wants to leave early.,Никто не хочет уходить рано.,0
423,Negative Pronouns,Отрицательные местоимения,no one(negative),no one,negative,/ˈnoʊ wʌn/,никто(negative/formal),никто,negative/formal,,,No one saw what happened.,"Никто не видел, что произошло.",0
424,Negative Pronouns,Отрицательные местоимения,no one(negative),no one,negative,/ˈnoʊ wʌn/,никто(negative/formal),никто,negative/formal,,,No one was ready for the test.,Никто не был готов к тесту.,0
425,Negative Pronouns,Отрицательные местоимения,nobody(negative),nobody,negative,/ˈnoʊbɒdi/,никто(negative/casual),никто,negative/casual,,,Nobody saw him.,Никто его не видел.,0
426,Negative Pronouns,Отрицательные местоимения,nobody(negative),nobody,negative,/ˈnoʊbɒdi/,никто(negative/casual),никто,negative/casual,,,Nobody was in the room.,Никого не было в комнате.,0
427,Negative Pronouns,Отрицательные местоимения,nobody(negative),nobody,negative,/ˈnoʊbɒdi/,никто(negative/casual),никто,negative/casual,,,Nobody can help with this task.,Никто не может помочь с этим заданием.,0
428,Negative Pronouns,Отрицательные местоимения,nobody(negative),nobody,negative,/ˈnoʊbɒdi/,никто(negative/casual),никто,negative/casual,,,Nobody believed her story.,Никто не поверил её истории.,0
429,Negative Pronouns,Отрицательные местоимения,nobody(negative),nobody,negative,/ˈnoʊbɒdi/,никто(negative/casual),никто,negative/casual,,,Nobody is answering the phone.,Никто не отвечает на телефон.,0
430,Negative Pronouns,Отрицательные местоимения,none(negative),none,negative,/nʌn/,никто(negative/for-group),никто,negative/for-group,,,None of them agreed.,Никто из них не согласился.,0
431,Negative Pronouns,Отрицательные местоимения,none(negative),none,negative,/nʌn/,никто(negative/for-group),никто,negative/for-group,,,None of the plans worked.,Ни один из планов не сработал.,0
432,Negative Pronouns,Отрицательные местоимения,none(negative),none,negative,/nʌn/,никто(negative/for-group),никто,negative/for-group,,,None of the students passed the exam.,Никто из студентов не сдал экзамен.,0
433,Negative Pronouns,Отрицательные местоимения,none(negative),none,negative,/nʌn/,никто(negative/for-group),никто,negative/for-group,,,None of us knew what to do.,"Никто из нас не знал, что делать.",0
434,Negative Pronouns,Отрицательные местоимения,none(negative),none,negative,/nʌn/,никто(negative/for-group),никто,negative/for-group,,,None of the cookies are left.,Печенье закончилось.,0
435,Negative Pronouns,Отрицательные местоимения,nothing,nothing,,/ˈnʌθɪŋ/,ничего,ничего,,,,There is nothing to worry about.,Не о чем волноваться.,0
436,Negative Pronouns,Отрицательные местоимения,nothing,nothing,,/ˈnʌθɪŋ/,ничего,ничего,,,,She has nothing to say.,Ей нечего сказать.,0
437,Negative Pronouns,Отрицательные местоимения,nothing,nothing,,/ˈnʌθɪŋ/,ничего,ничего,,,,Nothing is more important than health.,Ничего нет важнее здоровья.,0
438,Negative Pronouns,Отрицательные местоимения,nothing,nothing,,/ˈnʌθɪŋ/,ничего,ничего,,,,I have nothing in my pockets.,У меня ничего нет в карманах.,0
439,Negative Pronouns,Отрицательные местоимения,nothing,nothing,,/ˈnʌθɪŋ/,ничего,ничего,,,,Nothing will stop us.,Ничто нас не остановит.,0
440,Reciprocal Pronouns,Взаимные местоимения,each other,each other,,/iːtʃ ˈʌðər/,друг друга(для двух),друг друга,для двух,,,They respect each other.,Они уважают друг друга.,0
441,Reciprocal Pronouns,Взаимные местоимения,each other,each other,,/iːtʃ ˈʌðər/,друг друга(для двух),друг друга,для двух,,,We help each other with our tasks.,Мы помогаем друг другу с задачами.,0
442,Reciprocal Pronouns,Взаимные местоимения,each other,each other,,/iːtʃ ˈʌðər/,друг друга(для двух),друг друга,для двух,,,The twins often fight with each other.,Близнецы часто ссорятся друг с другом.,0
443,Reciprocal Pronouns,Взаимные местоимения,each other,each other,,/iːtʃ ˈʌðər/,друг друга(для двух),друг друга,для двух,,,They looked at each other and smiled.,Они посмотрели друг на друга и улыбнулись.,0
444,Reciprocal Pronouns,Взаимные местоимения,each other,each other,,/iːtʃ ˈʌðər/,друг друга(для двух),друг друга,для двух,,,The students shared their books with each other.,Студенты поделились своими книгами друг с другом.,0
445,Reciprocal Pronouns,Взаимные местоимения,one another,one another,,/wʌn əˈnʌðər/,друг друга(для трех и более),друг друга,для трех и более,,,We should help one another.,Нам следует помогать друг другу.,0
446,Reciprocal Pronouns,Взаимные местоимения,one another,one another,,/wʌn əˈnʌðər/,друг друга(для трех и более),друг друга,для трех и более,,,They care for one another deeply.,Они глубоко заботятся друг о друге.,0
447,Reciprocal Pronouns,Взаимные местоимения,one another,one another,,/wʌn əˈnʌðər/,друг друга(для трех и более),друг друга,для трех и более,,,The neighbors support one another.,Соседи поддерживают друг друга.,0
448,Reciprocal Pronouns,Взаимные местоимения,one another,one another,,/wʌn əˈnʌðər/,друг друга(для трех и более),друг друга,для трех и более,,,They smiled at one another warmly.,Они тепло улыбнулись друг другу.,0
449,Reciprocal Pronouns,Взаимные местоимения,one another,one another,,/wʌn əˈnʌðər/,друг друга(для трех и более),друг друга,для трех и более,,,One another’s ideas were discussed in the meeting.,На собрании обсуждали идеи друг друга.,0
450,Determiners/Quantifiers,Определительные местоимения,all(determiners),all,determiners,/ɔːl/,"всё(determiners), все(determiners)",всё,"determiners), все(determiners",,,All children like to play.,Все дети любят играть.,0
451,Determiners/Quantifiers,Определительные местоимения,all(determiners),all,determiners,/ɔːl/,"всё(determiners), все(determiners)",всё,"determiners), все(determiners",,,All the books are on the table.,Все книги на столе.,0
452,Determiners/Quantifiers,Определительные местоимения,all(determiners),all,determiners,/ɔːl/,"всё(determiners), все(determiners)",всё,"determiners), все(determiners",,,She gave all her money to charity.,Она отдала все свои деньги на благотворительность.,0
453,Determiners/Quantifiers,Определительные местоимения,all(determiners),all,determiners,/ɔːl/,"всё(determiners), все(determiners)",всё,"determiners), все(determiners",,,All we can do is wait.,"Всё, что мы можем сделать, — это ждать.",0
454,Determiners/Quantifiers,Определительные местоимения,all(determiners),all,determiners,/ɔːl/,"всё(determiners), все(determiners)",всё,"determiners), все(determiners",,,All the seats are taken.,Все места заняты.,0
455,Determiners/Quantifiers,Определительные местоимения,both,both,,/boʊθ/,оба,оба,,,,Both options are good.,Оба варианта хороши.,0
456,Determiners/Quantifiers,Определительные местоимения,both,both,,/boʊθ/,оба,оба,,,,We visited both cities during our trip.,Мы посетили оба города во время поездки.,0
457,Determiners/Quantifiers,Определительные местоимения,both,both,,/boʊθ/,оба,оба,,,,Both of them are my friends.,Оба из них мои друзья.,0
458,Determiners/Quantifiers,Определительные местоимения,both,both,,/boʊθ/,оба,оба,,,,She likes both tea and coffee.,"Ей нравятся и чай, и кофе.",0
459,Determiners/Quantifiers,Определительные местоимения,both,both,,/boʊθ/,оба,оба,,,,Both answers are correct.,Оба ответа верны.,0
460,Determiners/Quantifiers,Определительные местоимения,either,either,,/ˈiːðər/ or /ˈaɪðər/,любой из двух,любой из двух,,,,Either day works for me.,Любой из двух дней мне подходит.,0
461,Determiners/Quantifiers,Определительные местоимения,either,either,,/ˈiːðər/ or /ˈaɪðər/,любой из двух,любой из двух,,,,You can take either book.,Ты можешь взять любую из двух книг.,0
462,Determiners/Quantifiers,Определительные местоимения,either,either,,/ˈiːðər/ or /ˈaɪðər/,любой из двух,любой из двух,,,,Either option is fine.,Любой вариант подойдёт.,0
463,Determiners/Quantifiers,Определительные местоимения,either,either,,/ˈiːðər/ or /ˈaɪðər/,любой из двух,любой из двух,,,,You can choose either path.,Ты можешь выбрать любой из двух путей.,0
464,Determiners/Quantifiers,Определительные местоимения,either,either,,/ˈiːðər/ or /ˈaɪðər/,любой из двух,любой из двух,,,,I don’t think either of us knows the answer.,"Думаю, ни один из нас не знает ответа.",0
465,Determiners/Quantifiers,Определительные местоимения,neither,neither,,/ˈnaɪðər/ or /ˈniːðər/,ни один из двух,ни один из двух,,,,Neither answer is correct.,Ни один из ответов не верен.,0
466,Determiners/Quantifiers,Определительные местоимения,neither,neither,,/ˈnaɪðər/ or /ˈniːðər/,ни один из двух,ни один из двух,,,,Neither of them was available.,Никто из них не был доступен.,0
467,Determiners/Quantifiers,Определительные местоимения,neither,neither,,/ˈnaɪðər/ or /ˈniːðər/,ни один из двух,ни один из двух,,,,She liked neither dress.,Ей не понравилось ни одно платье.,0
468,Determiners/Quantifiers,Определительные местоимения,neither,neither,,/ˈnaɪðər/ or /ˈniːðər/,ни один из двух,ни один из двух,,,,Neither of the roads leads to the city.,Ни одна из дорог не ведёт к городу.,0
469,Determiners/Quantifiers,Определительные местоимения,neither,neither,,/ˈnaɪðər/ or /ˈniːðər/,ни один из двух,ни один из двух,,,,Neither team won the match.,Ни одна команда не выиграла матч.,0
470,Determiners/Quantifiers,Определительные местоимения,each,each,,/iːtʃ/,каждый(по отдельности),каждый,по отдельности,,,Each student has a book.,У каждого студента есть книга.,0
471,Determiners/Quantifiers,Определительные местоимения,each,each,,/iːtʃ/,каждый(по отдельности),каждый,по отдельности,,,Each of us has a role to play.,У каждого из нас есть своя роль.,0
472,Determiners/Quantifiers,Определительные местоимения,each,each,,/iːtʃ/,каждый(по отдельности),каждый,по отдельности,,,Each house in the village is unique.,Каждый дом в деревне уникален.,0
473,Determiners/Quantifiers,Определительные местоимения,each,each,,/iːtʃ/,каждый(по отдельности),каждый,по отдельности,,,Each member contributed to the project.,Каждый участник внёс свой вклад в проект.,0
474,Determiners/Quantifiers,Определительные местоимения,each,each,,/iːtʃ/,каждый(по отдельности),каждый,по отдельности,,,She gave a gift to each child.,Она подарила подарок каждому ребёнку.,0
475,Determiners/Quantifiers,Определительные местоимения,every,every,,/ˈɛvri/,каждый(из всех),каждый,из всех,,,Every person has a chance.,У каждого человека есть шанс.,0
476,Determiners/Quantifiers,Определительные местоимения,every,every,,/ˈɛvri/,каждый(из всех),каждый,из всех,,,Every child deserves an education.,Каждый ребёнок заслуживает образования.,0
477,Determiners/Quantifiers,Определительные местоимения,every,every,,/ˈɛvri/,каждый(из всех),каждый,из всех,,,Every day brings new opportunities.,Каждый день приносит новые возможности.,0
478,Determiners/Quantifiers,Определительные местоимения,every,every,,/ˈɛvri/,каждый(из всех),каждый,из всех,,,Every house on the street is decorated.,Каждый дом на улице украшен.,0
479,Determiners/Quantifiers,Определительные местоимения,every,every,,/ˈɛvri/,каждый(из всех),каждый,из всех,,,I visit my grandmother every weekend.,Я навещаю бабушку каждые выходные.,0
480,Determiners/Quantifiers,Определительные местоимения,many,many,,/ˈmɛni/,много(countable),много,countable,,,Many people agree.,Многие согласны.,0
481,Determiners/Quantifiers,Определительные местоимения,many,many,,/ˈmɛni/,много(countable),много,countable,,,There are many ways to solve this problem.,Существует много способов решить эту проблему.,0
482,Determiners/Quantifiers,Определительные местоимения,many,many,,/ˈmɛni/,много(countable),много,countable,,,She has many friends.,У неё много друзей.,0
483,Determiners/Quantifiers,Определительные местоимения,many,many,,/ˈmɛni/,много(countable),много,countable,,,Many of the participants arrived late.,Многие участники опоздали.,0
484,Determiners/Quantifiers,Определительные местоимения,many,many,,/ˈmɛni/,много(countable),много,countable,,,He made many mistakes in the test.,Он сделал много ошибок в тесте.,0
485,Determiners/Quantifiers,Определительные местоимения,much,much,,/mʌtʃ/,много(uncountable),много,uncountable,,,There isn’t much time.,Времени немного.,0
486,Determiners/Quantifiers,Определительные местоимения,much,much,,/mʌtʃ/,много(uncountable),много,uncountable,,,How much water do you need?,Сколько воды тебе нужно?,0
487,Determiners/Quantifiers,Определительные местоимения,much,much,,/mʌtʃ/,много(uncountable),много,uncountable,,,She doesn’t have much experience.,У неё не так много опыта.,0
488,Determiners/Quantifiers,Определительные местоимения,much,much,,/mʌtʃ/,много(uncountable),много,uncountable,,,He ate too much cake.,Он съел слишком много торта.,0
489,Determiners/Quantifiers,Определительные местоимения,much,much,,/mʌtʃ/,много(uncountable),много,uncountable,,,Is there much work left to do?,Осталось ли много работы?,0
490,Determiners/Quantifiers,Определительные местоимения,several,several,,/ˈsɛvrəl/,несколько(determiners),несколько,determiners,,,Several cars are parked outside.,Несколько машин припаркованы снаружи.,0
491,Determiners/Quantifiers,Определительные местоимения,several,several,,/ˈsɛvrəl/,несколько(determiners),несколько,determiners,,,She invited several friends to the party.,Она пригласила несколько друзей на вечеринку.,0
492,Determiners/Quantifiers,Определительные местоимения,several,several,,/ˈsɛvrəl/,несколько(determiners),несколько,determiners,,,There are several options to choose from.,Есть несколько вариантов на выбор.,0
493,Determiners/Quantifiers,Определительные местоимения,several,several,,/ˈsɛvrəl/,несколько(determiners),несколько,determiners,,,He spent several days in the hospital.,Он провёл несколько дней в больнице.,0
494,Determiners/Quantifiers,Определительные местоимения,several,several,,/ˈsɛvrəl/,несколько(determiners),несколько,determiners,,,I’ve been to Paris several times.,Я был в Париже несколько раз.,0
495,Determiners/Quantifiers,Определительные местоимения,few,few,,/fjuː/,немного(determiners),немного,determiners,,,Few people attended the meeting.,Мало людей пришли на встречу.,0
496,Determiners/Quantifiers,Определительные местоимения,few,few,,/fjuː/,немного(determiners),немного,determiners,,,She has only a few close friends.,У неё есть только несколько близких друзей.,0
497,Determiners/Quantifiers,Определительные местоимения,few,few,,/fjuː/,немного(determiners),немного,determiners,,,There are a few things we need to discuss.,"Есть несколько вещей, которые нам нужно обсудить.",0
498,Determiners/Quantifiers,Определительные местоимения,few,few,,/fjuː/,немного(determiners),немного,determiners,,,He made a few good points in his speech.,Он сделал несколько хороших замечаний в своей речи.,0
499,Determiners/Quantifiers,Определительные местоимения,few,few,,/fjuː/,немного(determiners),немного,determiners,,,Few students understood the lesson.,Мало студентов поняли урок.,0
